2024-11-12 15:33:49 INFO  c.p.springjpa.SpringjpaApplication - Starting SpringjpaApplication using Java 17.0.13 with PID 16232 (D:\laxmi vs code\springjpa\target\classes started by Lenovo in D:\laxmi vs code\springjpa)
2024-11-12 15:33:49 INFO  c.p.springjpa.SpringjpaApplication - No active profile set, falling back to 1 default profile: "default"
2024-11-12 15:33:49 INFO  o.s.d.r.c.RepositoryConfigurationDelegate - Bootstrapping Spring Data JPA repositories in DEFAULT mode.
2024-11-12 15:33:50 INFO  o.s.d.r.c.RepositoryConfigurationDelegate - Finished Spring Data repository scanning in 49 ms. Found 4 JPA repository interfaces.
2024-11-12 15:33:50 INFO  o.s.b.w.e.tomcat.TomcatWebServer - Tomcat initialized with port 8080 (http)
2024-11-12 15:33:50 INFO  o.a.catalina.core.StandardService - Starting service [Tomcat]
2024-11-12 15:33:50 INFO  o.a.catalina.core.StandardEngine - Starting Servlet engine: [Apache Tomcat/10.1.31]
2024-11-12 15:33:50 INFO  o.a.c.c.C.[Tomcat].[localhost].[/] - Initializing Spring embedded WebApplicationContext
2024-11-12 15:33:50 INFO  o.s.b.w.s.c.ServletWebServerApplicationContext - Root WebApplicationContext: initialization completed in 592 ms
2024-11-12 15:33:50 INFO  com.zaxxer.hikari.HikariDataSource - HikariPool-2 - Starting...
2024-11-12 15:33:50 INFO  com.zaxxer.hikari.pool.HikariPool - HikariPool-2 - Added connection conn10: url=jdbc:h2:mem:testdb user=SA
2024-11-12 15:33:50 INFO  com.zaxxer.hikari.HikariDataSource - HikariPool-2 - Start completed.
2024-11-12 15:33:50 INFO  o.s.b.a.h.H2ConsoleAutoConfiguration - H2 console available at '/h2-console'. Database available at 'jdbc:h2:mem:testdb'
2024-11-12 15:33:50 INFO  o.h.jpa.internal.util.LogHelper - HHH000204: Processing PersistenceUnitInfo [name: default]
2024-11-12 15:33:50 INFO  o.h.c.i.RegionFactoryInitiator - HHH000026: Second-level cache disabled
2024-11-12 15:33:50 INFO  o.s.o.j.p.SpringPersistenceUnitInfo - No LoadTimeWeaver setup: ignoring JPA class transformer
2024-11-12 15:33:50 WARN  org.hibernate.orm.deprecation - HHH90000025: H2Dialect does not need to be specified explicitly using 'hibernate.dialect' (remove the property setting and it will be selected by default)
2024-11-12 15:33:50 INFO  o.h.e.t.j.p.i.JtaPlatformInitiator - HHH000489: No JTA platform available (set 'hibernate.transaction.jta.platform' to enable JTA platform integration)
2024-11-12 15:33:50 INFO  o.s.o.j.LocalContainerEntityManagerFactoryBean - Initialized JPA EntityManagerFactory for persistence unit 'default'
2024-11-12 15:33:50 WARN  o.s.b.a.o.j.JpaBaseConfiguration$JpaWebConfiguration - spring.jpa.open-in-view is enabled by default. Therefore, database queries may be performed during view rendering. Explicitly configure spring.jpa.open-in-view to disable this warning
2024-11-12 15:33:50 INFO  o.s.b.d.a.OptionalLiveReloadServer - LiveReload server is running on port 35729
2024-11-12 15:33:50 INFO  o.s.b.w.e.tomcat.TomcatWebServer - Tomcat started on port 8080 (http) with context path '/'
2024-11-12 15:33:50 INFO  c.p.springjpa.SpringjpaApplication - Started SpringjpaApplication in 1.409 seconds (process running for 89.257)
2024-11-12 15:33:50 INFO  o.s.b.d.a.ConditionEvaluationDeltaLoggingListener - Condition evaluation unchanged
2024-11-12 15:35:11 INFO  o.s.b.d.a.LocalDevToolsAutoConfiguration$RestartingClassPathChangeChangedEventListener - Restarting due to 1 class path change (0 additions, 0 deletions, 1 modification)
2024-11-12 15:35:11 INFO  o.s.o.j.LocalContainerEntityManagerFactoryBean - Closing JPA EntityManagerFactory for persistence unit 'default'
2024-11-12 15:35:11 WARN  o.s.b.f.s.DisposableBeanAdapter - Invocation of destroy method failed on bean with name 'inMemoryDatabaseShutdownExecutor': org.h2.jdbc.JdbcSQLNonTransientConnectionException: Database is already closed (to disable automatic closing at VM shutdown, add ";DB_CLOSE_ON_EXIT=FALSE" to the db URL) [90121-224]
2024-11-12 15:35:11 INFO  com.zaxxer.hikari.HikariDataSource - HikariPool-2 - Shutdown initiated...
2024-11-12 15:35:11 INFO  com.zaxxer.hikari.HikariDataSource - HikariPool-2 - Shutdown completed.
2024-11-12 15:35:11 INFO  c.p.springjpa.SpringjpaApplication - Starting SpringjpaApplication using Java 17.0.13 with PID 16232 (D:\laxmi vs code\springjpa\target\classes started by Lenovo in D:\laxmi vs code\springjpa)
2024-11-12 15:35:11 INFO  c.p.springjpa.SpringjpaApplication - No active profile set, falling back to 1 default profile: "default"
2024-11-12 15:35:12 INFO  o.s.d.r.c.RepositoryConfigurationDelegate - Bootstrapping Spring Data JPA repositories in DEFAULT mode.
2024-11-12 15:35:12 INFO  o.s.d.r.c.RepositoryConfigurationDelegate - Finished Spring Data repository scanning in 47 ms. Found 4 JPA repository interfaces.
2024-11-12 15:35:12 INFO  o.s.b.w.e.tomcat.TomcatWebServer - Tomcat initialized with port 8080 (http)
2024-11-12 15:35:12 INFO  o.a.catalina.core.StandardService - Starting service [Tomcat]
2024-11-12 15:35:12 INFO  o.a.catalina.core.StandardEngine - Starting Servlet engine: [Apache Tomcat/10.1.31]
2024-11-12 15:35:12 INFO  o.a.c.c.C.[Tomcat].[localhost].[/] - Initializing Spring embedded WebApplicationContext
2024-11-12 15:35:12 INFO  o.s.b.w.s.c.ServletWebServerApplicationContext - Root WebApplicationContext: initialization completed in 622 ms
2024-11-12 15:35:12 INFO  com.zaxxer.hikari.HikariDataSource - HikariPool-3 - Starting...
2024-11-12 15:35:12 INFO  com.zaxxer.hikari.pool.HikariPool - HikariPool-3 - Added connection conn20: url=jdbc:h2:mem:testdb user=SA
2024-11-12 15:35:12 INFO  com.zaxxer.hikari.HikariDataSource - HikariPool-3 - Start completed.
2024-11-12 15:35:12 INFO  o.s.b.a.h.H2ConsoleAutoConfiguration - H2 console available at '/h2-console'. Database available at 'jdbc:h2:mem:testdb'
2024-11-12 15:35:12 INFO  o.h.jpa.internal.util.LogHelper - HHH000204: Processing PersistenceUnitInfo [name: default]
2024-11-12 15:35:12 INFO  o.h.c.i.RegionFactoryInitiator - HHH000026: Second-level cache disabled
2024-11-12 15:35:12 INFO  o.s.o.j.p.SpringPersistenceUnitInfo - No LoadTimeWeaver setup: ignoring JPA class transformer
2024-11-12 15:35:12 WARN  org.hibernate.orm.deprecation - HHH90000025: H2Dialect does not need to be specified explicitly using 'hibernate.dialect' (remove the property setting and it will be selected by default)
2024-11-12 15:35:12 INFO  o.h.e.t.j.p.i.JtaPlatformInitiator - HHH000489: No JTA platform available (set 'hibernate.transaction.jta.platform' to enable JTA platform integration)
2024-11-12 15:35:12 INFO  o.s.o.j.LocalContainerEntityManagerFactoryBean - Initialized JPA EntityManagerFactory for persistence unit 'default'
2024-11-12 15:35:12 WARN  o.s.b.a.o.j.JpaBaseConfiguration$JpaWebConfiguration - spring.jpa.open-in-view is enabled by default. Therefore, database queries may be performed during view rendering. Explicitly configure spring.jpa.open-in-view to disable this warning
2024-11-12 15:35:12 INFO  o.s.b.d.a.OptionalLiveReloadServer - LiveReload server is running on port 35729
2024-11-12 15:35:12 INFO  o.s.b.w.e.tomcat.TomcatWebServer - Tomcat started on port 8080 (http) with context path '/'
2024-11-12 15:35:12 INFO  c.p.springjpa.SpringjpaApplication - Started SpringjpaApplication in 1.078 seconds (process running for 171.196)
2024-11-12 15:35:12 INFO  o.s.b.d.a.ConditionEvaluationDeltaLoggingListener - Condition evaluation unchanged
2024-11-12 15:35:14 INFO  o.s.b.d.a.LocalDevToolsAutoConfiguration$RestartingClassPathChangeChangedEventListener - Restarting due to 1 class path change (0 additions, 0 deletions, 1 modification)
2024-11-12 15:35:14 INFO  o.s.o.j.LocalContainerEntityManagerFactoryBean - Closing JPA EntityManagerFactory for persistence unit 'default'
2024-11-12 15:35:14 WARN  o.s.b.f.s.DisposableBeanAdapter - Invocation of destroy method failed on bean with name 'inMemoryDatabaseShutdownExecutor': org.h2.jdbc.JdbcSQLNonTransientConnectionException: Database is already closed (to disable automatic closing at VM shutdown, add ";DB_CLOSE_ON_EXIT=FALSE" to the db URL) [90121-224]
2024-11-12 15:35:14 INFO  com.zaxxer.hikari.HikariDataSource - HikariPool-3 - Shutdown initiated...
2024-11-12 15:35:14 INFO  com.zaxxer.hikari.HikariDataSource - HikariPool-3 - Shutdown completed.
2024-11-12 15:35:20 ERROR o.s.boot.SpringApplication - Application run failed
java.lang.IllegalStateException: java.lang.IllegalStateException: Logback configuration error detected: 
ERROR in ch.qos.logback.core.joran.action.AppenderAction - Missing attribute [class]. See element [appender] near line 8
ERROR in ch.qos.logback.core.joran.action.AppenderAction - Missing attribute [name]. See element [appender] near line 8
	at org.springframework.boot.context.logging.LoggingApplicationListener.initializeSystem(LoggingApplicationListener.java:347)
	at org.springframework.boot.context.logging.LoggingApplicationListener.initialize(LoggingApplicationListener.java:298)
	at org.springframework.boot.context.logging.LoggingApplicationListener.onApplicationEnvironmentPreparedEvent(LoggingApplicationListener.java:246)
	at org.springframework.boot.context.logging.LoggingApplicationListener.onApplicationEvent(LoggingApplicationListener.java:223)
	at org.springframework.context.event.SimpleApplicationEventMulticaster.doInvokeListener(SimpleApplicationEventMulticaster.java:185)
	at org.springframework.context.event.SimpleApplicationEventMulticaster.invokeListener(SimpleApplicationEventMulticaster.java:178)
	at org.springframework.context.event.SimpleApplicationEventMulticaster.multicastEvent(SimpleApplicationEventMulticaster.java:156)
	at org.springframework.context.event.SimpleApplicationEventMulticaster.multicastEvent(SimpleApplicationEventMulticaster.java:138)
	at org.springframework.boot.context.event.EventPublishingRunListener.multicastInitialEvent(EventPublishingRunListener.java:136)
	at org.springframework.boot.context.event.EventPublishingRunListener.environmentPrepared(EventPublishingRunListener.java:81)
	at org.springframework.boot.SpringApplicationRunListeners.lambda$environmentPrepared$2(SpringApplicationRunListeners.java:64)
	at java.base/java.lang.Iterable.forEach(Unknown Source)
	at org.springframework.boot.SpringApplicationRunListeners.doWithListeners(SpringApplicationRunListeners.java:118)
	at org.springframework.boot.SpringApplicationRunListeners.doWithListeners(SpringApplicationRunListeners.java:112)
	at org.springframework.boot.SpringApplicationRunListeners.environmentPrepared(SpringApplicationRunListeners.java:63)
	at org.springframework.boot.SpringApplication.prepareEnvironment(SpringApplication.java:370)
	at org.springframework.boot.SpringApplication.run(SpringApplication.java:330)
	at org.springframework.boot.SpringApplication.run(SpringApplication.java:1363)
	at org.springframework.boot.SpringApplication.run(SpringApplication.java:1352)
	at com.pratice.springjpa.SpringjpaApplication.main(SpringjpaApplication.java:10)
	at java.base/jdk.internal.reflect.NativeMethodAccessorImpl.invoke0(Native Method)
	at java.base/jdk.internal.reflect.NativeMethodAccessorImpl.invoke(Unknown Source)
	at java.base/jdk.internal.reflect.DelegatingMethodAccessorImpl.invoke(Unknown Source)
	at java.base/java.lang.reflect.Method.invoke(Unknown Source)
	at org.springframework.boot.devtools.restart.RestartLauncher.run(RestartLauncher.java:50)
Caused by: java.lang.IllegalStateException: Logback configuration error detected: 
ERROR in ch.qos.logback.core.joran.action.AppenderAction - Missing attribute [class]. See element [appender] near line 8
ERROR in ch.qos.logback.core.joran.action.AppenderAction - Missing attribute [name]. See element [appender] near line 8
	at org.springframework.boot.logging.logback.LogbackLoggingSystem.reportConfigurationErrorsIfNecessary(LogbackLoggingSystem.java:287)
	at org.springframework.boot.logging.logback.LogbackLoggingSystem.loadConfiguration(LogbackLoggingSystem.java:265)
	at org.springframework.boot.logging.logback.LogbackLoggingSystem.reinitialize(LogbackLoggingSystem.java:344)
	at org.springframework.boot.logging.AbstractLoggingSystem.initializeWithConventions(AbstractLoggingSystem.java:74)
	at org.springframework.boot.logging.AbstractLoggingSystem.initialize(AbstractLoggingSystem.java:61)
	at org.springframework.boot.logging.logback.LogbackLoggingSystem.initialize(LogbackLoggingSystem.java:196)
	at org.springframework.boot.context.logging.LoggingApplicationListener.initializeSystem(LoggingApplicationListener.java:332)
	... 24 common frames omitted
2024-11-12 15:35:27 ERROR o.s.boot.SpringApplication - Application run failed
java.lang.IllegalStateException: java.lang.IllegalStateException: Logback configuration error detected: 
ERROR in ch.qos.logback.core.joran.action.AppenderAction - Missing attribute [class]. See element [appender] near line 8
ERROR in ch.qos.logback.core.joran.action.AppenderAction - Missing attribute [name]. See element [appender] near line 8
	at org.springframework.boot.context.logging.LoggingApplicationListener.initializeSystem(LoggingApplicationListener.java:347)
	at org.springframework.boot.context.logging.LoggingApplicationListener.initialize(LoggingApplicationListener.java:298)
	at org.springframework.boot.context.logging.LoggingApplicationListener.onApplicationEnvironmentPreparedEvent(LoggingApplicationListener.java:246)
	at org.springframework.boot.context.logging.LoggingApplicationListener.onApplicationEvent(LoggingApplicationListener.java:223)
	at org.springframework.context.event.SimpleApplicationEventMulticaster.doInvokeListener(SimpleApplicationEventMulticaster.java:185)
	at org.springframework.context.event.SimpleApplicationEventMulticaster.invokeListener(SimpleApplicationEventMulticaster.java:178)
	at org.springframework.context.event.SimpleApplicationEventMulticaster.multicastEvent(SimpleApplicationEventMulticaster.java:156)
	at org.springframework.context.event.SimpleApplicationEventMulticaster.multicastEvent(SimpleApplicationEventMulticaster.java:138)
	at org.springframework.boot.context.event.EventPublishingRunListener.multicastInitialEvent(EventPublishingRunListener.java:136)
	at org.springframework.boot.context.event.EventPublishingRunListener.environmentPrepared(EventPublishingRunListener.java:81)
	at org.springframework.boot.SpringApplicationRunListeners.lambda$environmentPrepared$2(SpringApplicationRunListeners.java:64)
	at java.base/java.lang.Iterable.forEach(Unknown Source)
	at org.springframework.boot.SpringApplicationRunListeners.doWithListeners(SpringApplicationRunListeners.java:118)
	at org.springframework.boot.SpringApplicationRunListeners.doWithListeners(SpringApplicationRunListeners.java:112)
	at org.springframework.boot.SpringApplicationRunListeners.environmentPrepared(SpringApplicationRunListeners.java:63)
	at org.springframework.boot.SpringApplication.prepareEnvironment(SpringApplication.java:370)
	at org.springframework.boot.SpringApplication.run(SpringApplication.java:330)
	at org.springframework.boot.SpringApplication.run(SpringApplication.java:1363)
	at org.springframework.boot.SpringApplication.run(SpringApplication.java:1352)
	at com.pratice.springjpa.SpringjpaApplication.main(SpringjpaApplication.java:10)
	at java.base/jdk.internal.reflect.NativeMethodAccessorImpl.invoke0(Native Method)
	at java.base/jdk.internal.reflect.NativeMethodAccessorImpl.invoke(Unknown Source)
	at java.base/jdk.internal.reflect.DelegatingMethodAccessorImpl.invoke(Unknown Source)
	at java.base/java.lang.reflect.Method.invoke(Unknown Source)
	at org.springframework.boot.devtools.restart.RestartLauncher.run(RestartLauncher.java:50)
Caused by: java.lang.IllegalStateException: Logback configuration error detected: 
ERROR in ch.qos.logback.core.joran.action.AppenderAction - Missing attribute [class]. See element [appender] near line 8
ERROR in ch.qos.logback.core.joran.action.AppenderAction - Missing attribute [name]. See element [appender] near line 8
	at org.springframework.boot.logging.logback.LogbackLoggingSystem.reportConfigurationErrorsIfNecessary(LogbackLoggingSystem.java:287)
	at org.springframework.boot.logging.logback.LogbackLoggingSystem.loadConfiguration(LogbackLoggingSystem.java:265)
	at org.springframework.boot.logging.logback.LogbackLoggingSystem.reinitialize(LogbackLoggingSystem.java:344)
	at org.springframework.boot.logging.AbstractLoggingSystem.initializeWithConventions(AbstractLoggingSystem.java:74)
	at org.springframework.boot.logging.AbstractLoggingSystem.initialize(AbstractLoggingSystem.java:61)
	at org.springframework.boot.logging.logback.LogbackLoggingSystem.initialize(LogbackLoggingSystem.java:196)
	at org.springframework.boot.context.logging.LoggingApplicationListener.initializeSystem(LoggingApplicationListener.java:332)
	... 24 common frames omitted
2024-11-12 15:37:12 ERROR o.s.boot.SpringApplication - Application run failed
java.lang.IllegalStateException: java.lang.IllegalStateException: Logback configuration error detected: 
ERROR in ch.qos.logback.classic.PatternLayout("null") - Empty or null pattern.
	at org.springframework.boot.context.logging.LoggingApplicationListener.initializeSystem(LoggingApplicationListener.java:347)
	at org.springframework.boot.context.logging.LoggingApplicationListener.initialize(LoggingApplicationListener.java:298)
	at org.springframework.boot.context.logging.LoggingApplicationListener.onApplicationEnvironmentPreparedEvent(LoggingApplicationListener.java:246)
	at org.springframework.boot.context.logging.LoggingApplicationListener.onApplicationEvent(LoggingApplicationListener.java:223)
	at org.springframework.context.event.SimpleApplicationEventMulticaster.doInvokeListener(SimpleApplicationEventMulticaster.java:185)
	at org.springframework.context.event.SimpleApplicationEventMulticaster.invokeListener(SimpleApplicationEventMulticaster.java:178)
	at org.springframework.context.event.SimpleApplicationEventMulticaster.multicastEvent(SimpleApplicationEventMulticaster.java:156)
	at org.springframework.context.event.SimpleApplicationEventMulticaster.multicastEvent(SimpleApplicationEventMulticaster.java:138)
	at org.springframework.boot.context.event.EventPublishingRunListener.multicastInitialEvent(EventPublishingRunListener.java:136)
	at org.springframework.boot.context.event.EventPublishingRunListener.environmentPrepared(EventPublishingRunListener.java:81)
	at org.springframework.boot.SpringApplicationRunListeners.lambda$environmentPrepared$2(SpringApplicationRunListeners.java:64)
	at java.base/java.lang.Iterable.forEach(Unknown Source)
	at org.springframework.boot.SpringApplicationRunListeners.doWithListeners(SpringApplicationRunListeners.java:118)
	at org.springframework.boot.SpringApplicationRunListeners.doWithListeners(SpringApplicationRunListeners.java:112)
	at org.springframework.boot.SpringApplicationRunListeners.environmentPrepared(SpringApplicationRunListeners.java:63)
	at org.springframework.boot.SpringApplication.prepareEnvironment(SpringApplication.java:370)
	at org.springframework.boot.SpringApplication.run(SpringApplication.java:330)
	at org.springframework.boot.SpringApplication.run(SpringApplication.java:1363)
	at org.springframework.boot.SpringApplication.run(SpringApplication.java:1352)
	at com.pratice.springjpa.SpringjpaApplication.main(SpringjpaApplication.java:10)
	at java.base/jdk.internal.reflect.NativeMethodAccessorImpl.invoke0(Native Method)
	at java.base/jdk.internal.reflect.NativeMethodAccessorImpl.invoke(Unknown Source)
	at java.base/jdk.internal.reflect.DelegatingMethodAccessorImpl.invoke(Unknown Source)
	at java.base/java.lang.reflect.Method.invoke(Unknown Source)
	at org.springframework.boot.devtools.restart.RestartLauncher.run(RestartLauncher.java:50)
Caused by: java.lang.IllegalStateException: Logback configuration error detected: 
ERROR in ch.qos.logback.classic.PatternLayout("null") - Empty or null pattern.
	at org.springframework.boot.logging.logback.LogbackLoggingSystem.reportConfigurationErrorsIfNecessary(LogbackLoggingSystem.java:287)
	at org.springframework.boot.logging.logback.LogbackLoggingSystem.loadConfiguration(LogbackLoggingSystem.java:265)
	at org.springframework.boot.logging.logback.LogbackLoggingSystem.reinitialize(LogbackLoggingSystem.java:344)
	at org.springframework.boot.logging.AbstractLoggingSystem.initializeWithConventions(AbstractLoggingSystem.java:74)
	at org.springframework.boot.logging.AbstractLoggingSystem.initialize(AbstractLoggingSystem.java:61)
	at org.springframework.boot.logging.logback.LogbackLoggingSystem.initialize(LogbackLoggingSystem.java:196)
	at org.springframework.boot.context.logging.LoggingApplicationListener.initializeSystem(LoggingApplicationListener.java:332)
	... 24 common frames omitted
2024-11-12 15:37:20 ERROR o.s.boot.SpringApplication - Application run failed
java.lang.IllegalStateException: java.lang.IllegalStateException: Logback configuration error detected: 
ERROR in ch.qos.logback.core.model.processor.AppenderModelHandler - Could not create an Appender of type [ch.qos.logback.core.rollingr]. ch.qos.logback.core.util.DynamicClassLoadingException: Failed to instantiate type ch.qos.logback.core.rollingr
ERROR in ch.qos.logback.core.model.processor.DefaultProcessor@2cdfcc22 - Failed to traverse model appender ch.qos.logback.core.model.processor.ModelHandlerException: ch.qos.logback.core.util.DynamicClassLoadingException: Failed to instantiate type ch.qos.logback.core.rollingr
ERROR in ch.qos.logback.core.model.processor.AppenderModelHandler - Could not create an Appender of type [ch.qos.logback.core.rollingr]. ch.qos.logback.core.util.DynamicClassLoadingException: Failed to instantiate type ch.qos.logback.core.rollingr
ERROR in ch.qos.logback.core.model.processor.DefaultProcessor@2cdfcc22 - Failed to traverse model appender ch.qos.logback.core.model.processor.ModelHandlerException: ch.qos.logback.core.util.DynamicClassLoadingException: Failed to instantiate type ch.qos.logback.core.rollingr
	at org.springframework.boot.context.logging.LoggingApplicationListener.initializeSystem(LoggingApplicationListener.java:347)
	at org.springframework.boot.context.logging.LoggingApplicationListener.initialize(LoggingApplicationListener.java:298)
	at org.springframework.boot.context.logging.LoggingApplicationListener.onApplicationEnvironmentPreparedEvent(LoggingApplicationListener.java:246)
	at org.springframework.boot.context.logging.LoggingApplicationListener.onApplicationEvent(LoggingApplicationListener.java:223)
	at org.springframework.context.event.SimpleApplicationEventMulticaster.doInvokeListener(SimpleApplicationEventMulticaster.java:185)
	at org.springframework.context.event.SimpleApplicationEventMulticaster.invokeListener(SimpleApplicationEventMulticaster.java:178)
	at org.springframework.context.event.SimpleApplicationEventMulticaster.multicastEvent(SimpleApplicationEventMulticaster.java:156)
	at org.springframework.context.event.SimpleApplicationEventMulticaster.multicastEvent(SimpleApplicationEventMulticaster.java:138)
	at org.springframework.boot.context.event.EventPublishingRunListener.multicastInitialEvent(EventPublishingRunListener.java:136)
	at org.springframework.boot.context.event.EventPublishingRunListener.environmentPrepared(EventPublishingRunListener.java:81)
	at org.springframework.boot.SpringApplicationRunListeners.lambda$environmentPrepared$2(SpringApplicationRunListeners.java:64)
	at java.base/java.lang.Iterable.forEach(Unknown Source)
	at org.springframework.boot.SpringApplicationRunListeners.doWithListeners(SpringApplicationRunListeners.java:118)
	at org.springframework.boot.SpringApplicationRunListeners.doWithListeners(SpringApplicationRunListeners.java:112)
	at org.springframework.boot.SpringApplicationRunListeners.environmentPrepared(SpringApplicationRunListeners.java:63)
	at org.springframework.boot.SpringApplication.prepareEnvironment(SpringApplication.java:370)
	at org.springframework.boot.SpringApplication.run(SpringApplication.java:330)
	at org.springframework.boot.SpringApplication.run(SpringApplication.java:1363)
	at org.springframework.boot.SpringApplication.run(SpringApplication.java:1352)
	at com.pratice.springjpa.SpringjpaApplication.main(SpringjpaApplication.java:10)
	at java.base/jdk.internal.reflect.NativeMethodAccessorImpl.invoke0(Native Method)
	at java.base/jdk.internal.reflect.NativeMethodAccessorImpl.invoke(Unknown Source)
	at java.base/jdk.internal.reflect.DelegatingMethodAccessorImpl.invoke(Unknown Source)
	at java.base/java.lang.reflect.Method.invoke(Unknown Source)
	at org.springframework.boot.devtools.restart.RestartLauncher.run(RestartLauncher.java:50)
Caused by: java.lang.IllegalStateException: Logback configuration error detected: 
ERROR in ch.qos.logback.core.model.processor.AppenderModelHandler - Could not create an Appender of type [ch.qos.logback.core.rollingr]. ch.qos.logback.core.util.DynamicClassLoadingException: Failed to instantiate type ch.qos.logback.core.rollingr
ERROR in ch.qos.logback.core.model.processor.DefaultProcessor@2cdfcc22 - Failed to traverse model appender ch.qos.logback.core.model.processor.ModelHandlerException: ch.qos.logback.core.util.DynamicClassLoadingException: Failed to instantiate type ch.qos.logback.core.rollingr
ERROR in ch.qos.logback.core.model.processor.AppenderModelHandler - Could not create an Appender of type [ch.qos.logback.core.rollingr]. ch.qos.logback.core.util.DynamicClassLoadingException: Failed to instantiate type ch.qos.logback.core.rollingr
ERROR in ch.qos.logback.core.model.processor.DefaultProcessor@2cdfcc22 - Failed to traverse model appender ch.qos.logback.core.model.processor.ModelHandlerException: ch.qos.logback.core.util.DynamicClassLoadingException: Failed to instantiate type ch.qos.logback.core.rollingr
	at org.springframework.boot.logging.logback.LogbackLoggingSystem.reportConfigurationErrorsIfNecessary(LogbackLoggingSystem.java:287)
	at org.springframework.boot.logging.logback.LogbackLoggingSystem.loadConfiguration(LogbackLoggingSystem.java:265)
	at org.springframework.boot.logging.logback.LogbackLoggingSystem.reinitialize(LogbackLoggingSystem.java:344)
	at org.springframework.boot.logging.AbstractLoggingSystem.initializeWithConventions(AbstractLoggingSystem.java:74)
	at org.springframework.boot.logging.AbstractLoggingSystem.initialize(AbstractLoggingSystem.java:61)
	at org.springframework.boot.logging.logback.LogbackLoggingSystem.initialize(LogbackLoggingSystem.java:196)
	at org.springframework.boot.context.logging.LoggingApplicationListener.initializeSystem(LoggingApplicationListener.java:332)
	... 24 common frames omitted
	Suppressed: ch.qos.logback.core.util.DynamicClassLoadingException: Failed to instantiate type ch.qos.logback.core.rollingr
		at ch.qos.logback.core.util.OptionHelper.instantiateByClassNameAndParameter(OptionHelper.java:69)
		at ch.qos.logback.core.util.OptionHelper.instantiateByClassName(OptionHelper.java:44)
		at ch.qos.logback.core.util.OptionHelper.instantiateByClassName(OptionHelper.java:33)
		at ch.qos.logback.core.model.processor.AppenderModelHandler.handle(AppenderModelHandler.java:67)
		at ch.qos.logback.core.model.processor.DefaultProcessor.secondPhaseTraverse(DefaultProcessor.java:241)
		at ch.qos.logback.core.model.processor.DefaultProcessor.secondPhaseTraverse(DefaultProcessor.java:253)
		at ch.qos.logback.core.model.processor.DefaultProcessor.traversalLoop(DefaultProcessor.java:90)
		at ch.qos.logback.core.model.processor.DefaultProcessor.process(DefaultProcessor.java:106)
		at ch.qos.logback.core.joran.GenericXMLConfigurator.processModel(GenericXMLConfigurator.java:222)
		at org.springframework.boot.logging.logback.SpringBootJoranConfigurator.processModel(SpringBootJoranConfigurator.java:133)
		at ch.qos.logback.core.joran.GenericXMLConfigurator.doConfigure(GenericXMLConfigurator.java:178)
		at ch.qos.logback.core.joran.GenericXMLConfigurator.doConfigure(GenericXMLConfigurator.java:123)
		at ch.qos.logback.core.joran.GenericXMLConfigurator.doConfigure(GenericXMLConfigurator.java:66)
		at org.springframework.boot.logging.logback.LogbackLoggingSystem.configureByResourceUrl(LogbackLoggingSystem.java:297)
		at org.springframework.boot.logging.logback.LogbackLoggingSystem.lambda$loadConfiguration$1(LogbackLoggingSystem.java:258)
		at org.springframework.boot.logging.logback.LogbackLoggingSystem.withLoggingSuppressed(LogbackLoggingSystem.java:477)
		at org.springframework.boot.logging.logback.LogbackLoggingSystem.loadConfiguration(LogbackLoggingSystem.java:252)
		... 29 common frames omitted
	Caused by: java.lang.ClassNotFoundException: ch.qos.logback.core.rollingr
		at java.base/jdk.internal.loader.BuiltinClassLoader.loadClass(Unknown Source)
		at java.base/jdk.internal.loader.ClassLoaders$AppClassLoader.loadClass(Unknown Source)
		at java.base/java.lang.ClassLoader.loadClass(Unknown Source)
		at ch.qos.logback.core.util.OptionHelper.instantiateByClassNameAndParameter(OptionHelper.java:56)
		... 45 common frames omitted
	Suppressed: ch.qos.logback.core.model.processor.ModelHandlerException: ch.qos.logback.core.util.DynamicClassLoadingException: Failed to instantiate type ch.qos.logback.core.rollingr
		at ch.qos.logback.core.model.processor.AppenderModelHandler.handle(AppenderModelHandler.java:75)
		at ch.qos.logback.core.model.processor.DefaultProcessor.secondPhaseTraverse(DefaultProcessor.java:241)
		at ch.qos.logback.core.model.processor.DefaultProcessor.secondPhaseTraverse(DefaultProcessor.java:253)
		at ch.qos.logback.core.model.processor.DefaultProcessor.traversalLoop(DefaultProcessor.java:90)
		at ch.qos.logback.core.model.processor.DefaultProcessor.process(DefaultProcessor.java:106)
		at ch.qos.logback.core.joran.GenericXMLConfigurator.processModel(GenericXMLConfigurator.java:222)
		at org.springframework.boot.logging.logback.SpringBootJoranConfigurator.processModel(SpringBootJoranConfigurator.java:133)
		at ch.qos.logback.core.joran.GenericXMLConfigurator.doConfigure(GenericXMLConfigurator.java:178)
		at ch.qos.logback.core.joran.GenericXMLConfigurator.doConfigure(GenericXMLConfigurator.java:123)
		at ch.qos.logback.core.joran.GenericXMLConfigurator.doConfigure(GenericXMLConfigurator.java:66)
		at org.springframework.boot.logging.logback.LogbackLoggingSystem.configureByResourceUrl(LogbackLoggingSystem.java:297)
		at org.springframework.boot.logging.logback.LogbackLoggingSystem.lambda$loadConfiguration$1(LogbackLoggingSystem.java:258)
		at org.springframework.boot.logging.logback.LogbackLoggingSystem.withLoggingSuppressed(LogbackLoggingSystem.java:477)
		at org.springframework.boot.logging.logback.LogbackLoggingSystem.loadConfiguration(LogbackLoggingSystem.java:252)
		... 29 common frames omitted
	Caused by: [CIRCULAR REFERENCE: ch.qos.logback.core.util.DynamicClassLoadingException: Failed to instantiate type ch.qos.logback.core.rollingr]
	Suppressed: ch.qos.logback.core.util.DynamicClassLoadingException: Failed to instantiate type ch.qos.logback.core.rollingr
		at ch.qos.logback.core.util.OptionHelper.instantiateByClassNameAndParameter(OptionHelper.java:69)
		at ch.qos.logback.core.util.OptionHelper.instantiateByClassName(OptionHelper.java:44)
		at ch.qos.logback.core.util.OptionHelper.instantiateByClassName(OptionHelper.java:33)
		at ch.qos.logback.core.model.processor.AppenderModelHandler.handle(AppenderModelHandler.java:67)
		at ch.qos.logback.core.model.processor.DefaultProcessor.secondPhaseTraverse(DefaultProcessor.java:241)
		at ch.qos.logback.core.model.processor.DefaultProcessor.secondPhaseTraverse(DefaultProcessor.java:253)
		at ch.qos.logback.core.model.processor.DefaultProcessor.traversalLoop(DefaultProcessor.java:90)
		at ch.qos.logback.core.model.processor.DefaultProcessor.process(DefaultProcessor.java:106)
		at ch.qos.logback.core.joran.GenericXMLConfigurator.processModel(GenericXMLConfigurator.java:222)
		at org.springframework.boot.logging.logback.SpringBootJoranConfigurator.processModel(SpringBootJoranConfigurator.java:133)
		at ch.qos.logback.core.joran.GenericXMLConfigurator.doConfigure(GenericXMLConfigurator.java:178)
		at ch.qos.logback.core.joran.GenericXMLConfigurator.doConfigure(GenericXMLConfigurator.java:123)
		at ch.qos.logback.core.joran.GenericXMLConfigurator.doConfigure(GenericXMLConfigurator.java:66)
		at org.springframework.boot.logging.logback.LogbackLoggingSystem.configureByResourceUrl(LogbackLoggingSystem.java:297)
		at org.springframework.boot.logging.logback.LogbackLoggingSystem.lambda$loadConfiguration$1(LogbackLoggingSystem.java:258)
		at org.springframework.boot.logging.logback.LogbackLoggingSystem.withLoggingSuppressed(LogbackLoggingSystem.java:477)
		at org.springframework.boot.logging.logback.LogbackLoggingSystem.loadConfiguration(LogbackLoggingSystem.java:252)
		... 29 common frames omitted
	Caused by: java.lang.ClassNotFoundException: ch.qos.logback.core.rollingr
		at java.base/jdk.internal.loader.BuiltinClassLoader.loadClass(Unknown Source)
		at java.base/jdk.internal.loader.ClassLoaders$AppClassLoader.loadClass(Unknown Source)
		at java.base/java.lang.ClassLoader.loadClass(Unknown Source)
		at ch.qos.logback.core.util.OptionHelper.instantiateByClassNameAndParameter(OptionHelper.java:56)
		... 45 common frames omitted
	Suppressed: ch.qos.logback.core.model.processor.ModelHandlerException: ch.qos.logback.core.util.DynamicClassLoadingException: Failed to instantiate type ch.qos.logback.core.rollingr
		at ch.qos.logback.core.model.processor.AppenderModelHandler.handle(AppenderModelHandler.java:75)
		at ch.qos.logback.core.model.processor.DefaultProcessor.secondPhaseTraverse(DefaultProcessor.java:241)
		at ch.qos.logback.core.model.processor.DefaultProcessor.secondPhaseTraverse(DefaultProcessor.java:253)
		at ch.qos.logback.core.model.processor.DefaultProcessor.traversalLoop(DefaultProcessor.java:90)
		at ch.qos.logback.core.model.processor.DefaultProcessor.process(DefaultProcessor.java:106)
		at ch.qos.logback.core.joran.GenericXMLConfigurator.processModel(GenericXMLConfigurator.java:222)
		at org.springframework.boot.logging.logback.SpringBootJoranConfigurator.processModel(SpringBootJoranConfigurator.java:133)
		at ch.qos.logback.core.joran.GenericXMLConfigurator.doConfigure(GenericXMLConfigurator.java:178)
		at ch.qos.logback.core.joran.GenericXMLConfigurator.doConfigure(GenericXMLConfigurator.java:123)
		at ch.qos.logback.core.joran.GenericXMLConfigurator.doConfigure(GenericXMLConfigurator.java:66)
		at org.springframework.boot.logging.logback.LogbackLoggingSystem.configureByResourceUrl(LogbackLoggingSystem.java:297)
		at org.springframework.boot.logging.logback.LogbackLoggingSystem.lambda$loadConfiguration$1(LogbackLoggingSystem.java:258)
		at org.springframework.boot.logging.logback.LogbackLoggingSystem.withLoggingSuppressed(LogbackLoggingSystem.java:477)
		at org.springframework.boot.logging.logback.LogbackLoggingSystem.loadConfiguration(LogbackLoggingSystem.java:252)
		... 29 common frames omitted
	Caused by: [CIRCULAR REFERENCE: ch.qos.logback.core.util.DynamicClassLoadingException: Failed to instantiate type ch.qos.logback.core.rollingr]
2024-11-12 15:37:24 ERROR o.s.boot.SpringApplication - Application run failed
java.lang.IllegalStateException: java.lang.IllegalStateException: Logback configuration error detected: 
ERROR in ch.qos.logback.core.model.processor.AppenderModelHandler - Could not create an Appender of type [ch.qos.logback.core.rolling.r]. ch.qos.logback.core.util.DynamicClassLoadingException: Failed to instantiate type ch.qos.logback.core.rolling.r
ERROR in ch.qos.logback.core.model.processor.DefaultProcessor@68d215f5 - Failed to traverse model appender ch.qos.logback.core.model.processor.ModelHandlerException: ch.qos.logback.core.util.DynamicClassLoadingException: Failed to instantiate type ch.qos.logback.core.rolling.r
ERROR in ch.qos.logback.core.model.processor.AppenderModelHandler - Could not create an Appender of type [ch.qos.logback.core.rolling.r]. ch.qos.logback.core.util.DynamicClassLoadingException: Failed to instantiate type ch.qos.logback.core.rolling.r
ERROR in ch.qos.logback.core.model.processor.DefaultProcessor@68d215f5 - Failed to traverse model appender ch.qos.logback.core.model.processor.ModelHandlerException: ch.qos.logback.core.util.DynamicClassLoadingException: Failed to instantiate type ch.qos.logback.core.rolling.r
	at org.springframework.boot.context.logging.LoggingApplicationListener.initializeSystem(LoggingApplicationListener.java:347)
	at org.springframework.boot.context.logging.LoggingApplicationListener.initialize(LoggingApplicationListener.java:298)
	at org.springframework.boot.context.logging.LoggingApplicationListener.onApplicationEnvironmentPreparedEvent(LoggingApplicationListener.java:246)
	at org.springframework.boot.context.logging.LoggingApplicationListener.onApplicationEvent(LoggingApplicationListener.java:223)
	at org.springframework.context.event.SimpleApplicationEventMulticaster.doInvokeListener(SimpleApplicationEventMulticaster.java:185)
	at org.springframework.context.event.SimpleApplicationEventMulticaster.invokeListener(SimpleApplicationEventMulticaster.java:178)
	at org.springframework.context.event.SimpleApplicationEventMulticaster.multicastEvent(SimpleApplicationEventMulticaster.java:156)
	at org.springframework.context.event.SimpleApplicationEventMulticaster.multicastEvent(SimpleApplicationEventMulticaster.java:138)
	at org.springframework.boot.context.event.EventPublishingRunListener.multicastInitialEvent(EventPublishingRunListener.java:136)
	at org.springframework.boot.context.event.EventPublishingRunListener.environmentPrepared(EventPublishingRunListener.java:81)
	at org.springframework.boot.SpringApplicationRunListeners.lambda$environmentPrepared$2(SpringApplicationRunListeners.java:64)
	at java.base/java.lang.Iterable.forEach(Unknown Source)
	at org.springframework.boot.SpringApplicationRunListeners.doWithListeners(SpringApplicationRunListeners.java:118)
	at org.springframework.boot.SpringApplicationRunListeners.doWithListeners(SpringApplicationRunListeners.java:112)
	at org.springframework.boot.SpringApplicationRunListeners.environmentPrepared(SpringApplicationRunListeners.java:63)
	at org.springframework.boot.SpringApplication.prepareEnvironment(SpringApplication.java:370)
	at org.springframework.boot.SpringApplication.run(SpringApplication.java:330)
	at org.springframework.boot.SpringApplication.run(SpringApplication.java:1363)
	at org.springframework.boot.SpringApplication.run(SpringApplication.java:1352)
	at com.pratice.springjpa.SpringjpaApplication.main(SpringjpaApplication.java:10)
	at java.base/jdk.internal.reflect.NativeMethodAccessorImpl.invoke0(Native Method)
	at java.base/jdk.internal.reflect.NativeMethodAccessorImpl.invoke(Unknown Source)
	at java.base/jdk.internal.reflect.DelegatingMethodAccessorImpl.invoke(Unknown Source)
	at java.base/java.lang.reflect.Method.invoke(Unknown Source)
	at org.springframework.boot.devtools.restart.RestartLauncher.run(RestartLauncher.java:50)
Caused by: java.lang.IllegalStateException: Logback configuration error detected: 
ERROR in ch.qos.logback.core.model.processor.AppenderModelHandler - Could not create an Appender of type [ch.qos.logback.core.rolling.r]. ch.qos.logback.core.util.DynamicClassLoadingException: Failed to instantiate type ch.qos.logback.core.rolling.r
ERROR in ch.qos.logback.core.model.processor.DefaultProcessor@68d215f5 - Failed to traverse model appender ch.qos.logback.core.model.processor.ModelHandlerException: ch.qos.logback.core.util.DynamicClassLoadingException: Failed to instantiate type ch.qos.logback.core.rolling.r
ERROR in ch.qos.logback.core.model.processor.AppenderModelHandler - Could not create an Appender of type [ch.qos.logback.core.rolling.r]. ch.qos.logback.core.util.DynamicClassLoadingException: Failed to instantiate type ch.qos.logback.core.rolling.r
ERROR in ch.qos.logback.core.model.processor.DefaultProcessor@68d215f5 - Failed to traverse model appender ch.qos.logback.core.model.processor.ModelHandlerException: ch.qos.logback.core.util.DynamicClassLoadingException: Failed to instantiate type ch.qos.logback.core.rolling.r
	at org.springframework.boot.logging.logback.LogbackLoggingSystem.reportConfigurationErrorsIfNecessary(LogbackLoggingSystem.java:287)
	at org.springframework.boot.logging.logback.LogbackLoggingSystem.loadConfiguration(LogbackLoggingSystem.java:265)
	at org.springframework.boot.logging.logback.LogbackLoggingSystem.reinitialize(LogbackLoggingSystem.java:344)
	at org.springframework.boot.logging.AbstractLoggingSystem.initializeWithConventions(AbstractLoggingSystem.java:74)
	at org.springframework.boot.logging.AbstractLoggingSystem.initialize(AbstractLoggingSystem.java:61)
	at org.springframework.boot.logging.logback.LogbackLoggingSystem.initialize(LogbackLoggingSystem.java:196)
	at org.springframework.boot.context.logging.LoggingApplicationListener.initializeSystem(LoggingApplicationListener.java:332)
	... 24 common frames omitted
	Suppressed: ch.qos.logback.core.util.DynamicClassLoadingException: Failed to instantiate type ch.qos.logback.core.rolling.r
		at ch.qos.logback.core.util.OptionHelper.instantiateByClassNameAndParameter(OptionHelper.java:69)
		at ch.qos.logback.core.util.OptionHelper.instantiateByClassName(OptionHelper.java:44)
		at ch.qos.logback.core.util.OptionHelper.instantiateByClassName(OptionHelper.java:33)
		at ch.qos.logback.core.model.processor.AppenderModelHandler.handle(AppenderModelHandler.java:67)
		at ch.qos.logback.core.model.processor.DefaultProcessor.secondPhaseTraverse(DefaultProcessor.java:241)
		at ch.qos.logback.core.model.processor.DefaultProcessor.secondPhaseTraverse(DefaultProcessor.java:253)
		at ch.qos.logback.core.model.processor.DefaultProcessor.traversalLoop(DefaultProcessor.java:90)
		at ch.qos.logback.core.model.processor.DefaultProcessor.process(DefaultProcessor.java:106)
		at ch.qos.logback.core.joran.GenericXMLConfigurator.processModel(GenericXMLConfigurator.java:222)
		at org.springframework.boot.logging.logback.SpringBootJoranConfigurator.processModel(SpringBootJoranConfigurator.java:133)
		at ch.qos.logback.core.joran.GenericXMLConfigurator.doConfigure(GenericXMLConfigurator.java:178)
		at ch.qos.logback.core.joran.GenericXMLConfigurator.doConfigure(GenericXMLConfigurator.java:123)
		at ch.qos.logback.core.joran.GenericXMLConfigurator.doConfigure(GenericXMLConfigurator.java:66)
		at org.springframework.boot.logging.logback.LogbackLoggingSystem.configureByResourceUrl(LogbackLoggingSystem.java:297)
		at org.springframework.boot.logging.logback.LogbackLoggingSystem.lambda$loadConfiguration$1(LogbackLoggingSystem.java:258)
		at org.springframework.boot.logging.logback.LogbackLoggingSystem.withLoggingSuppressed(LogbackLoggingSystem.java:477)
		at org.springframework.boot.logging.logback.LogbackLoggingSystem.loadConfiguration(LogbackLoggingSystem.java:252)
		... 29 common frames omitted
	Caused by: java.lang.ClassNotFoundException: ch.qos.logback.core.rolling.r
		at java.base/jdk.internal.loader.BuiltinClassLoader.loadClass(Unknown Source)
		at java.base/jdk.internal.loader.ClassLoaders$AppClassLoader.loadClass(Unknown Source)
		at java.base/java.lang.ClassLoader.loadClass(Unknown Source)
		at ch.qos.logback.core.util.OptionHelper.instantiateByClassNameAndParameter(OptionHelper.java:56)
		... 45 common frames omitted
	Suppressed: ch.qos.logback.core.model.processor.ModelHandlerException: ch.qos.logback.core.util.DynamicClassLoadingException: Failed to instantiate type ch.qos.logback.core.rolling.r
		at ch.qos.logback.core.model.processor.AppenderModelHandler.handle(AppenderModelHandler.java:75)
		at ch.qos.logback.core.model.processor.DefaultProcessor.secondPhaseTraverse(DefaultProcessor.java:241)
		at ch.qos.logback.core.model.processor.DefaultProcessor.secondPhaseTraverse(DefaultProcessor.java:253)
		at ch.qos.logback.core.model.processor.DefaultProcessor.traversalLoop(DefaultProcessor.java:90)
		at ch.qos.logback.core.model.processor.DefaultProcessor.process(DefaultProcessor.java:106)
		at ch.qos.logback.core.joran.GenericXMLConfigurator.processModel(GenericXMLConfigurator.java:222)
		at org.springframework.boot.logging.logback.SpringBootJoranConfigurator.processModel(SpringBootJoranConfigurator.java:133)
		at ch.qos.logback.core.joran.GenericXMLConfigurator.doConfigure(GenericXMLConfigurator.java:178)
		at ch.qos.logback.core.joran.GenericXMLConfigurator.doConfigure(GenericXMLConfigurator.java:123)
		at ch.qos.logback.core.joran.GenericXMLConfigurator.doConfigure(GenericXMLConfigurator.java:66)
		at org.springframework.boot.logging.logback.LogbackLoggingSystem.configureByResourceUrl(LogbackLoggingSystem.java:297)
		at org.springframework.boot.logging.logback.LogbackLoggingSystem.lambda$loadConfiguration$1(LogbackLoggingSystem.java:258)
		at org.springframework.boot.logging.logback.LogbackLoggingSystem.withLoggingSuppressed(LogbackLoggingSystem.java:477)
		at org.springframework.boot.logging.logback.LogbackLoggingSystem.loadConfiguration(LogbackLoggingSystem.java:252)
		... 29 common frames omitted
	Caused by: [CIRCULAR REFERENCE: ch.qos.logback.core.util.DynamicClassLoadingException: Failed to instantiate type ch.qos.logback.core.rolling.r]
	Suppressed: ch.qos.logback.core.util.DynamicClassLoadingException: Failed to instantiate type ch.qos.logback.core.rolling.r
		at ch.qos.logback.core.util.OptionHelper.instantiateByClassNameAndParameter(OptionHelper.java:69)
		at ch.qos.logback.core.util.OptionHelper.instantiateByClassName(OptionHelper.java:44)
		at ch.qos.logback.core.util.OptionHelper.instantiateByClassName(OptionHelper.java:33)
		at ch.qos.logback.core.model.processor.AppenderModelHandler.handle(AppenderModelHandler.java:67)
		at ch.qos.logback.core.model.processor.DefaultProcessor.secondPhaseTraverse(DefaultProcessor.java:241)
		at ch.qos.logback.core.model.processor.DefaultProcessor.secondPhaseTraverse(DefaultProcessor.java:253)
		at ch.qos.logback.core.model.processor.DefaultProcessor.traversalLoop(DefaultProcessor.java:90)
		at ch.qos.logback.core.model.processor.DefaultProcessor.process(DefaultProcessor.java:106)
		at ch.qos.logback.core.joran.GenericXMLConfigurator.processModel(GenericXMLConfigurator.java:222)
		at org.springframework.boot.logging.logback.SpringBootJoranConfigurator.processModel(SpringBootJoranConfigurator.java:133)
		at ch.qos.logback.core.joran.GenericXMLConfigurator.doConfigure(GenericXMLConfigurator.java:178)
		at ch.qos.logback.core.joran.GenericXMLConfigurator.doConfigure(GenericXMLConfigurator.java:123)
		at ch.qos.logback.core.joran.GenericXMLConfigurator.doConfigure(GenericXMLConfigurator.java:66)
		at org.springframework.boot.logging.logback.LogbackLoggingSystem.configureByResourceUrl(LogbackLoggingSystem.java:297)
		at org.springframework.boot.logging.logback.LogbackLoggingSystem.lambda$loadConfiguration$1(LogbackLoggingSystem.java:258)
		at org.springframework.boot.logging.logback.LogbackLoggingSystem.withLoggingSuppressed(LogbackLoggingSystem.java:477)
		at org.springframework.boot.logging.logback.LogbackLoggingSystem.loadConfiguration(LogbackLoggingSystem.java:252)
		... 29 common frames omitted
	Caused by: java.lang.ClassNotFoundException: ch.qos.logback.core.rolling.r
		at java.base/jdk.internal.loader.BuiltinClassLoader.loadClass(Unknown Source)
		at java.base/jdk.internal.loader.ClassLoaders$AppClassLoader.loadClass(Unknown Source)
		at java.base/java.lang.ClassLoader.loadClass(Unknown Source)
		at ch.qos.logback.core.util.OptionHelper.instantiateByClassNameAndParameter(OptionHelper.java:56)
		... 45 common frames omitted
	Suppressed: ch.qos.logback.core.model.processor.ModelHandlerException: ch.qos.logback.core.util.DynamicClassLoadingException: Failed to instantiate type ch.qos.logback.core.rolling.r
		at ch.qos.logback.core.model.processor.AppenderModelHandler.handle(AppenderModelHandler.java:75)
		at ch.qos.logback.core.model.processor.DefaultProcessor.secondPhaseTraverse(DefaultProcessor.java:241)
		at ch.qos.logback.core.model.processor.DefaultProcessor.secondPhaseTraverse(DefaultProcessor.java:253)
		at ch.qos.logback.core.model.processor.DefaultProcessor.traversalLoop(DefaultProcessor.java:90)
		at ch.qos.logback.core.model.processor.DefaultProcessor.process(DefaultProcessor.java:106)
		at ch.qos.logback.core.joran.GenericXMLConfigurator.processModel(GenericXMLConfigurator.java:222)
		at org.springframework.boot.logging.logback.SpringBootJoranConfigurator.processModel(SpringBootJoranConfigurator.java:133)
		at ch.qos.logback.core.joran.GenericXMLConfigurator.doConfigure(GenericXMLConfigurator.java:178)
		at ch.qos.logback.core.joran.GenericXMLConfigurator.doConfigure(GenericXMLConfigurator.java:123)
		at ch.qos.logback.core.joran.GenericXMLConfigurator.doConfigure(GenericXMLConfigurator.java:66)
		at org.springframework.boot.logging.logback.LogbackLoggingSystem.configureByResourceUrl(LogbackLoggingSystem.java:297)
		at org.springframework.boot.logging.logback.LogbackLoggingSystem.lambda$loadConfiguration$1(LogbackLoggingSystem.java:258)
		at org.springframework.boot.logging.logback.LogbackLoggingSystem.withLoggingSuppressed(LogbackLoggingSystem.java:477)
		at org.springframework.boot.logging.logback.LogbackLoggingSystem.loadConfiguration(LogbackLoggingSystem.java:252)
		... 29 common frames omitted
	Caused by: [CIRCULAR REFERENCE: ch.qos.logback.core.util.DynamicClassLoadingException: Failed to instantiate type ch.qos.logback.core.rolling.r]
2024-11-12 15:38:06 ERROR o.s.boot.SpringApplication - Application run failed
java.lang.IllegalStateException: java.lang.IllegalStateException: Logback configuration error detected: 
ERROR in ch.qos.logback.core.model.processor.AppenderModelHandler - Could not create an Appender of type [ch.qos.logback.core.rolling.TimeBasedRollingPolicy]. ch.qos.logback.core.util.IncompatibleClassException
ERROR in ch.qos.logback.core.model.processor.DefaultProcessor@5fa84a06 - Failed to traverse model appender ch.qos.logback.core.model.processor.ModelHandlerException: ch.qos.logback.core.util.IncompatibleClassException
ERROR in ch.qos.logback.core.model.processor.AppenderModelHandler - Could not create an Appender of type [ch.qos.logback.core.rolling.TimeBasedRollingPolicy]. ch.qos.logback.core.util.IncompatibleClassException
ERROR in ch.qos.logback.core.model.processor.DefaultProcessor@5fa84a06 - Failed to traverse model appender ch.qos.logback.core.model.processor.ModelHandlerException: ch.qos.logback.core.util.IncompatibleClassException
	at org.springframework.boot.context.logging.LoggingApplicationListener.initializeSystem(LoggingApplicationListener.java:347)
	at org.springframework.boot.context.logging.LoggingApplicationListener.initialize(LoggingApplicationListener.java:298)
	at org.springframework.boot.context.logging.LoggingApplicationListener.onApplicationEnvironmentPreparedEvent(LoggingApplicationListener.java:246)
	at org.springframework.boot.context.logging.LoggingApplicationListener.onApplicationEvent(LoggingApplicationListener.java:223)
	at org.springframework.context.event.SimpleApplicationEventMulticaster.doInvokeListener(SimpleApplicationEventMulticaster.java:185)
	at org.springframework.context.event.SimpleApplicationEventMulticaster.invokeListener(SimpleApplicationEventMulticaster.java:178)
	at org.springframework.context.event.SimpleApplicationEventMulticaster.multicastEvent(SimpleApplicationEventMulticaster.java:156)
	at org.springframework.context.event.SimpleApplicationEventMulticaster.multicastEvent(SimpleApplicationEventMulticaster.java:138)
	at org.springframework.boot.context.event.EventPublishingRunListener.multicastInitialEvent(EventPublishingRunListener.java:136)
	at org.springframework.boot.context.event.EventPublishingRunListener.environmentPrepared(EventPublishingRunListener.java:81)
	at org.springframework.boot.SpringApplicationRunListeners.lambda$environmentPrepared$2(SpringApplicationRunListeners.java:64)
	at java.base/java.lang.Iterable.forEach(Unknown Source)
	at org.springframework.boot.SpringApplicationRunListeners.doWithListeners(SpringApplicationRunListeners.java:118)
	at org.springframework.boot.SpringApplicationRunListeners.doWithListeners(SpringApplicationRunListeners.java:112)
	at org.springframework.boot.SpringApplicationRunListeners.environmentPrepared(SpringApplicationRunListeners.java:63)
	at org.springframework.boot.SpringApplication.prepareEnvironment(SpringApplication.java:370)
	at org.springframework.boot.SpringApplication.run(SpringApplication.java:330)
	at org.springframework.boot.SpringApplication.run(SpringApplication.java:1363)
	at org.springframework.boot.SpringApplication.run(SpringApplication.java:1352)
	at com.pratice.springjpa.SpringjpaApplication.main(SpringjpaApplication.java:10)
	at java.base/jdk.internal.reflect.NativeMethodAccessorImpl.invoke0(Native Method)
	at java.base/jdk.internal.reflect.NativeMethodAccessorImpl.invoke(Unknown Source)
	at java.base/jdk.internal.reflect.DelegatingMethodAccessorImpl.invoke(Unknown Source)
	at java.base/java.lang.reflect.Method.invoke(Unknown Source)
	at org.springframework.boot.devtools.restart.RestartLauncher.run(RestartLauncher.java:50)
Caused by: java.lang.IllegalStateException: Logback configuration error detected: 
ERROR in ch.qos.logback.core.model.processor.AppenderModelHandler - Could not create an Appender of type [ch.qos.logback.core.rolling.TimeBasedRollingPolicy]. ch.qos.logback.core.util.IncompatibleClassException
ERROR in ch.qos.logback.core.model.processor.DefaultProcessor@5fa84a06 - Failed to traverse model appender ch.qos.logback.core.model.processor.ModelHandlerException: ch.qos.logback.core.util.IncompatibleClassException
ERROR in ch.qos.logback.core.model.processor.AppenderModelHandler - Could not create an Appender of type [ch.qos.logback.core.rolling.TimeBasedRollingPolicy]. ch.qos.logback.core.util.IncompatibleClassException
ERROR in ch.qos.logback.core.model.processor.DefaultProcessor@5fa84a06 - Failed to traverse model appender ch.qos.logback.core.model.processor.ModelHandlerException: ch.qos.logback.core.util.IncompatibleClassException
	at org.springframework.boot.logging.logback.LogbackLoggingSystem.reportConfigurationErrorsIfNecessary(LogbackLoggingSystem.java:287)
	at org.springframework.boot.logging.logback.LogbackLoggingSystem.loadConfiguration(LogbackLoggingSystem.java:265)
	at org.springframework.boot.logging.logback.LogbackLoggingSystem.reinitialize(LogbackLoggingSystem.java:344)
	at org.springframework.boot.logging.AbstractLoggingSystem.initializeWithConventions(AbstractLoggingSystem.java:74)
	at org.springframework.boot.logging.AbstractLoggingSystem.initialize(AbstractLoggingSystem.java:61)
	at org.springframework.boot.logging.logback.LogbackLoggingSystem.initialize(LogbackLoggingSystem.java:196)
	at org.springframework.boot.context.logging.LoggingApplicationListener.initializeSystem(LoggingApplicationListener.java:332)
	... 24 common frames omitted
	Suppressed: ch.qos.logback.core.util.IncompatibleClassException: null
		at ch.qos.logback.core.util.OptionHelper.instantiateByClassNameAndParameter(OptionHelper.java:58)
		at ch.qos.logback.core.util.OptionHelper.instantiateByClassName(OptionHelper.java:44)
		at ch.qos.logback.core.util.OptionHelper.instantiateByClassName(OptionHelper.java:33)
		at ch.qos.logback.core.model.processor.AppenderModelHandler.handle(AppenderModelHandler.java:67)
		at ch.qos.logback.core.model.processor.DefaultProcessor.secondPhaseTraverse(DefaultProcessor.java:241)
		at ch.qos.logback.core.model.processor.DefaultProcessor.secondPhaseTraverse(DefaultProcessor.java:253)
		at ch.qos.logback.core.model.processor.DefaultProcessor.traversalLoop(DefaultProcessor.java:90)
		at ch.qos.logback.core.model.processor.DefaultProcessor.process(DefaultProcessor.java:106)
		at ch.qos.logback.core.joran.GenericXMLConfigurator.processModel(GenericXMLConfigurator.java:222)
		at org.springframework.boot.logging.logback.SpringBootJoranConfigurator.processModel(SpringBootJoranConfigurator.java:133)
		at ch.qos.logback.core.joran.GenericXMLConfigurator.doConfigure(GenericXMLConfigurator.java:178)
		at ch.qos.logback.core.joran.GenericXMLConfigurator.doConfigure(GenericXMLConfigurator.java:123)
		at ch.qos.logback.core.joran.GenericXMLConfigurator.doConfigure(GenericXMLConfigurator.java:66)
		at org.springframework.boot.logging.logback.LogbackLoggingSystem.configureByResourceUrl(LogbackLoggingSystem.java:297)
		at org.springframework.boot.logging.logback.LogbackLoggingSystem.lambda$loadConfiguration$1(LogbackLoggingSystem.java:258)
		at org.springframework.boot.logging.logback.LogbackLoggingSystem.withLoggingSuppressed(LogbackLoggingSystem.java:477)
		at org.springframework.boot.logging.logback.LogbackLoggingSystem.loadConfiguration(LogbackLoggingSystem.java:252)
		... 29 common frames omitted
	Suppressed: ch.qos.logback.core.model.processor.ModelHandlerException: ch.qos.logback.core.util.IncompatibleClassException
		at ch.qos.logback.core.model.processor.AppenderModelHandler.handle(AppenderModelHandler.java:75)
		at ch.qos.logback.core.model.processor.DefaultProcessor.secondPhaseTraverse(DefaultProcessor.java:241)
		at ch.qos.logback.core.model.processor.DefaultProcessor.secondPhaseTraverse(DefaultProcessor.java:253)
		at ch.qos.logback.core.model.processor.DefaultProcessor.traversalLoop(DefaultProcessor.java:90)
		at ch.qos.logback.core.model.processor.DefaultProcessor.process(DefaultProcessor.java:106)
		at ch.qos.logback.core.joran.GenericXMLConfigurator.processModel(GenericXMLConfigurator.java:222)
		at org.springframework.boot.logging.logback.SpringBootJoranConfigurator.processModel(SpringBootJoranConfigurator.java:133)
		at ch.qos.logback.core.joran.GenericXMLConfigurator.doConfigure(GenericXMLConfigurator.java:178)
		at ch.qos.logback.core.joran.GenericXMLConfigurator.doConfigure(GenericXMLConfigurator.java:123)
		at ch.qos.logback.core.joran.GenericXMLConfigurator.doConfigure(GenericXMLConfigurator.java:66)
		at org.springframework.boot.logging.logback.LogbackLoggingSystem.configureByResourceUrl(LogbackLoggingSystem.java:297)
		at org.springframework.boot.logging.logback.LogbackLoggingSystem.lambda$loadConfiguration$1(LogbackLoggingSystem.java:258)
		at org.springframework.boot.logging.logback.LogbackLoggingSystem.withLoggingSuppressed(LogbackLoggingSystem.java:477)
		at org.springframework.boot.logging.logback.LogbackLoggingSystem.loadConfiguration(LogbackLoggingSystem.java:252)
		... 29 common frames omitted
	Caused by: [CIRCULAR REFERENCE: ch.qos.logback.core.util.IncompatibleClassException: null]
	Suppressed: ch.qos.logback.core.util.IncompatibleClassException: null
		at ch.qos.logback.core.util.OptionHelper.instantiateByClassNameAndParameter(OptionHelper.java:58)
		at ch.qos.logback.core.util.OptionHelper.instantiateByClassName(OptionHelper.java:44)
		at ch.qos.logback.core.util.OptionHelper.instantiateByClassName(OptionHelper.java:33)
		at ch.qos.logback.core.model.processor.AppenderModelHandler.handle(AppenderModelHandler.java:67)
		at ch.qos.logback.core.model.processor.DefaultProcessor.secondPhaseTraverse(DefaultProcessor.java:241)
		at ch.qos.logback.core.model.processor.DefaultProcessor.secondPhaseTraverse(DefaultProcessor.java:253)
		at ch.qos.logback.core.model.processor.DefaultProcessor.traversalLoop(DefaultProcessor.java:90)
		at ch.qos.logback.core.model.processor.DefaultProcessor.process(DefaultProcessor.java:106)
		at ch.qos.logback.core.joran.GenericXMLConfigurator.processModel(GenericXMLConfigurator.java:222)
		at org.springframework.boot.logging.logback.SpringBootJoranConfigurator.processModel(SpringBootJoranConfigurator.java:133)
		at ch.qos.logback.core.joran.GenericXMLConfigurator.doConfigure(GenericXMLConfigurator.java:178)
		at ch.qos.logback.core.joran.GenericXMLConfigurator.doConfigure(GenericXMLConfigurator.java:123)
		at ch.qos.logback.core.joran.GenericXMLConfigurator.doConfigure(GenericXMLConfigurator.java:66)
		at org.springframework.boot.logging.logback.LogbackLoggingSystem.configureByResourceUrl(LogbackLoggingSystem.java:297)
		at org.springframework.boot.logging.logback.LogbackLoggingSystem.lambda$loadConfiguration$1(LogbackLoggingSystem.java:258)
		at org.springframework.boot.logging.logback.LogbackLoggingSystem.withLoggingSuppressed(LogbackLoggingSystem.java:477)
		at org.springframework.boot.logging.logback.LogbackLoggingSystem.loadConfiguration(LogbackLoggingSystem.java:252)
		... 29 common frames omitted
	Suppressed: ch.qos.logback.core.model.processor.ModelHandlerException: ch.qos.logback.core.util.IncompatibleClassException
		at ch.qos.logback.core.model.processor.AppenderModelHandler.handle(AppenderModelHandler.java:75)
		at ch.qos.logback.core.model.processor.DefaultProcessor.secondPhaseTraverse(DefaultProcessor.java:241)
		at ch.qos.logback.core.model.processor.DefaultProcessor.secondPhaseTraverse(DefaultProcessor.java:253)
		at ch.qos.logback.core.model.processor.DefaultProcessor.traversalLoop(DefaultProcessor.java:90)
		at ch.qos.logback.core.model.processor.DefaultProcessor.process(DefaultProcessor.java:106)
		at ch.qos.logback.core.joran.GenericXMLConfigurator.processModel(GenericXMLConfigurator.java:222)
		at org.springframework.boot.logging.logback.SpringBootJoranConfigurator.processModel(SpringBootJoranConfigurator.java:133)
		at ch.qos.logback.core.joran.GenericXMLConfigurator.doConfigure(GenericXMLConfigurator.java:178)
		at ch.qos.logback.core.joran.GenericXMLConfigurator.doConfigure(GenericXMLConfigurator.java:123)
		at ch.qos.logback.core.joran.GenericXMLConfigurator.doConfigure(GenericXMLConfigurator.java:66)
		at org.springframework.boot.logging.logback.LogbackLoggingSystem.configureByResourceUrl(LogbackLoggingSystem.java:297)
		at org.springframework.boot.logging.logback.LogbackLoggingSystem.lambda$loadConfiguration$1(LogbackLoggingSystem.java:258)
		at org.springframework.boot.logging.logback.LogbackLoggingSystem.withLoggingSuppressed(LogbackLoggingSystem.java:477)
		at org.springframework.boot.logging.logback.LogbackLoggingSystem.loadConfiguration(LogbackLoggingSystem.java:252)
		... 29 common frames omitted
	Caused by: [CIRCULAR REFERENCE: ch.qos.logback.core.util.IncompatibleClassException: null]
2024-11-12 15:38:21 ERROR o.s.boot.SpringApplication - Application run failed
java.lang.IllegalStateException: java.lang.IllegalStateException: Logback configuration error detected: 
ERROR in ch.qos.logback.core.model.processor.AppenderModelHandler - Could not create an Appender of type [ch.qos.logback.core.rolling.TimeBasedRollingPolicy]. ch.qos.logback.core.util.IncompatibleClassException
ERROR in ch.qos.logback.core.model.processor.DefaultProcessor@769d6817 - Failed to traverse model appender ch.qos.logback.core.model.processor.ModelHandlerException: ch.qos.logback.core.util.IncompatibleClassException
ERROR in ch.qos.logback.core.model.processor.AppenderModelHandler - Could not create an Appender of type [ch.qos.logback.core.rolling.TimeBasedRollingPolicy]. ch.qos.logback.core.util.IncompatibleClassException
ERROR in ch.qos.logback.core.model.processor.DefaultProcessor@769d6817 - Failed to traverse model appender ch.qos.logback.core.model.processor.ModelHandlerException: ch.qos.logback.core.util.IncompatibleClassException
	at org.springframework.boot.context.logging.LoggingApplicationListener.initializeSystem(LoggingApplicationListener.java:347)
	at org.springframework.boot.context.logging.LoggingApplicationListener.initialize(LoggingApplicationListener.java:298)
	at org.springframework.boot.context.logging.LoggingApplicationListener.onApplicationEnvironmentPreparedEvent(LoggingApplicationListener.java:246)
	at org.springframework.boot.context.logging.LoggingApplicationListener.onApplicationEvent(LoggingApplicationListener.java:223)
	at org.springframework.context.event.SimpleApplicationEventMulticaster.doInvokeListener(SimpleApplicationEventMulticaster.java:185)
	at org.springframework.context.event.SimpleApplicationEventMulticaster.invokeListener(SimpleApplicationEventMulticaster.java:178)
	at org.springframework.context.event.SimpleApplicationEventMulticaster.multicastEvent(SimpleApplicationEventMulticaster.java:156)
	at org.springframework.context.event.SimpleApplicationEventMulticaster.multicastEvent(SimpleApplicationEventMulticaster.java:138)
	at org.springframework.boot.context.event.EventPublishingRunListener.multicastInitialEvent(EventPublishingRunListener.java:136)
	at org.springframework.boot.context.event.EventPublishingRunListener.environmentPrepared(EventPublishingRunListener.java:81)
	at org.springframework.boot.SpringApplicationRunListeners.lambda$environmentPrepared$2(SpringApplicationRunListeners.java:64)
	at java.base/java.lang.Iterable.forEach(Unknown Source)
	at org.springframework.boot.SpringApplicationRunListeners.doWithListeners(SpringApplicationRunListeners.java:118)
	at org.springframework.boot.SpringApplicationRunListeners.doWithListeners(SpringApplicationRunListeners.java:112)
	at org.springframework.boot.SpringApplicationRunListeners.environmentPrepared(SpringApplicationRunListeners.java:63)
	at org.springframework.boot.SpringApplication.prepareEnvironment(SpringApplication.java:370)
	at org.springframework.boot.SpringApplication.run(SpringApplication.java:330)
	at org.springframework.boot.SpringApplication.run(SpringApplication.java:1363)
	at org.springframework.boot.SpringApplication.run(SpringApplication.java:1352)
	at com.pratice.springjpa.SpringjpaApplication.main(SpringjpaApplication.java:10)
	at java.base/jdk.internal.reflect.NativeMethodAccessorImpl.invoke0(Native Method)
	at java.base/jdk.internal.reflect.NativeMethodAccessorImpl.invoke(Unknown Source)
	at java.base/jdk.internal.reflect.DelegatingMethodAccessorImpl.invoke(Unknown Source)
	at java.base/java.lang.reflect.Method.invoke(Unknown Source)
	at org.springframework.boot.devtools.restart.RestartLauncher.run(RestartLauncher.java:50)
Caused by: java.lang.IllegalStateException: Logback configuration error detected: 
ERROR in ch.qos.logback.core.model.processor.AppenderModelHandler - Could not create an Appender of type [ch.qos.logback.core.rolling.TimeBasedRollingPolicy]. ch.qos.logback.core.util.IncompatibleClassException
ERROR in ch.qos.logback.core.model.processor.DefaultProcessor@769d6817 - Failed to traverse model appender ch.qos.logback.core.model.processor.ModelHandlerException: ch.qos.logback.core.util.IncompatibleClassException
ERROR in ch.qos.logback.core.model.processor.AppenderModelHandler - Could not create an Appender of type [ch.qos.logback.core.rolling.TimeBasedRollingPolicy]. ch.qos.logback.core.util.IncompatibleClassException
ERROR in ch.qos.logback.core.model.processor.DefaultProcessor@769d6817 - Failed to traverse model appender ch.qos.logback.core.model.processor.ModelHandlerException: ch.qos.logback.core.util.IncompatibleClassException
	at org.springframework.boot.logging.logback.LogbackLoggingSystem.reportConfigurationErrorsIfNecessary(LogbackLoggingSystem.java:287)
	at org.springframework.boot.logging.logback.LogbackLoggingSystem.loadConfiguration(LogbackLoggingSystem.java:265)
	at org.springframework.boot.logging.logback.LogbackLoggingSystem.reinitialize(LogbackLoggingSystem.java:344)
	at org.springframework.boot.logging.AbstractLoggingSystem.initializeWithConventions(AbstractLoggingSystem.java:74)
	at org.springframework.boot.logging.AbstractLoggingSystem.initialize(AbstractLoggingSystem.java:61)
	at org.springframework.boot.logging.logback.LogbackLoggingSystem.initialize(LogbackLoggingSystem.java:196)
	at org.springframework.boot.context.logging.LoggingApplicationListener.initializeSystem(LoggingApplicationListener.java:332)
	... 24 common frames omitted
	Suppressed: ch.qos.logback.core.util.IncompatibleClassException: null
		at ch.qos.logback.core.util.OptionHelper.instantiateByClassNameAndParameter(OptionHelper.java:58)
		at ch.qos.logback.core.util.OptionHelper.instantiateByClassName(OptionHelper.java:44)
		at ch.qos.logback.core.util.OptionHelper.instantiateByClassName(OptionHelper.java:33)
		at ch.qos.logback.core.model.processor.AppenderModelHandler.handle(AppenderModelHandler.java:67)
		at ch.qos.logback.core.model.processor.DefaultProcessor.secondPhaseTraverse(DefaultProcessor.java:241)
		at ch.qos.logback.core.model.processor.DefaultProcessor.secondPhaseTraverse(DefaultProcessor.java:253)
		at ch.qos.logback.core.model.processor.DefaultProcessor.traversalLoop(DefaultProcessor.java:90)
		at ch.qos.logback.core.model.processor.DefaultProcessor.process(DefaultProcessor.java:106)
		at ch.qos.logback.core.joran.GenericXMLConfigurator.processModel(GenericXMLConfigurator.java:222)
		at org.springframework.boot.logging.logback.SpringBootJoranConfigurator.processModel(SpringBootJoranConfigurator.java:133)
		at ch.qos.logback.core.joran.GenericXMLConfigurator.doConfigure(GenericXMLConfigurator.java:178)
		at ch.qos.logback.core.joran.GenericXMLConfigurator.doConfigure(GenericXMLConfigurator.java:123)
		at ch.qos.logback.core.joran.GenericXMLConfigurator.doConfigure(GenericXMLConfigurator.java:66)
		at org.springframework.boot.logging.logback.LogbackLoggingSystem.configureByResourceUrl(LogbackLoggingSystem.java:297)
		at org.springframework.boot.logging.logback.LogbackLoggingSystem.lambda$loadConfiguration$1(LogbackLoggingSystem.java:258)
		at org.springframework.boot.logging.logback.LogbackLoggingSystem.withLoggingSuppressed(LogbackLoggingSystem.java:477)
		at org.springframework.boot.logging.logback.LogbackLoggingSystem.loadConfiguration(LogbackLoggingSystem.java:252)
		... 29 common frames omitted
	Suppressed: ch.qos.logback.core.model.processor.ModelHandlerException: ch.qos.logback.core.util.IncompatibleClassException
		at ch.qos.logback.core.model.processor.AppenderModelHandler.handle(AppenderModelHandler.java:75)
		at ch.qos.logback.core.model.processor.DefaultProcessor.secondPhaseTraverse(DefaultProcessor.java:241)
		at ch.qos.logback.core.model.processor.DefaultProcessor.secondPhaseTraverse(DefaultProcessor.java:253)
		at ch.qos.logback.core.model.processor.DefaultProcessor.traversalLoop(DefaultProcessor.java:90)
		at ch.qos.logback.core.model.processor.DefaultProcessor.process(DefaultProcessor.java:106)
		at ch.qos.logback.core.joran.GenericXMLConfigurator.processModel(GenericXMLConfigurator.java:222)
		at org.springframework.boot.logging.logback.SpringBootJoranConfigurator.processModel(SpringBootJoranConfigurator.java:133)
		at ch.qos.logback.core.joran.GenericXMLConfigurator.doConfigure(GenericXMLConfigurator.java:178)
		at ch.qos.logback.core.joran.GenericXMLConfigurator.doConfigure(GenericXMLConfigurator.java:123)
		at ch.qos.logback.core.joran.GenericXMLConfigurator.doConfigure(GenericXMLConfigurator.java:66)
		at org.springframework.boot.logging.logback.LogbackLoggingSystem.configureByResourceUrl(LogbackLoggingSystem.java:297)
		at org.springframework.boot.logging.logback.LogbackLoggingSystem.lambda$loadConfiguration$1(LogbackLoggingSystem.java:258)
		at org.springframework.boot.logging.logback.LogbackLoggingSystem.withLoggingSuppressed(LogbackLoggingSystem.java:477)
		at org.springframework.boot.logging.logback.LogbackLoggingSystem.loadConfiguration(LogbackLoggingSystem.java:252)
		... 29 common frames omitted
	Caused by: [CIRCULAR REFERENCE: ch.qos.logback.core.util.IncompatibleClassException: null]
	Suppressed: ch.qos.logback.core.util.IncompatibleClassException: null
		at ch.qos.logback.core.util.OptionHelper.instantiateByClassNameAndParameter(OptionHelper.java:58)
		at ch.qos.logback.core.util.OptionHelper.instantiateByClassName(OptionHelper.java:44)
		at ch.qos.logback.core.util.OptionHelper.instantiateByClassName(OptionHelper.java:33)
		at ch.qos.logback.core.model.processor.AppenderModelHandler.handle(AppenderModelHandler.java:67)
		at ch.qos.logback.core.model.processor.DefaultProcessor.secondPhaseTraverse(DefaultProcessor.java:241)
		at ch.qos.logback.core.model.processor.DefaultProcessor.secondPhaseTraverse(DefaultProcessor.java:253)
		at ch.qos.logback.core.model.processor.DefaultProcessor.traversalLoop(DefaultProcessor.java:90)
		at ch.qos.logback.core.model.processor.DefaultProcessor.process(DefaultProcessor.java:106)
		at ch.qos.logback.core.joran.GenericXMLConfigurator.processModel(GenericXMLConfigurator.java:222)
		at org.springframework.boot.logging.logback.SpringBootJoranConfigurator.processModel(SpringBootJoranConfigurator.java:133)
		at ch.qos.logback.core.joran.GenericXMLConfigurator.doConfigure(GenericXMLConfigurator.java:178)
		at ch.qos.logback.core.joran.GenericXMLConfigurator.doConfigure(GenericXMLConfigurator.java:123)
		at ch.qos.logback.core.joran.GenericXMLConfigurator.doConfigure(GenericXMLConfigurator.java:66)
		at org.springframework.boot.logging.logback.LogbackLoggingSystem.configureByResourceUrl(LogbackLoggingSystem.java:297)
		at org.springframework.boot.logging.logback.LogbackLoggingSystem.lambda$loadConfiguration$1(LogbackLoggingSystem.java:258)
		at org.springframework.boot.logging.logback.LogbackLoggingSystem.withLoggingSuppressed(LogbackLoggingSystem.java:477)
		at org.springframework.boot.logging.logback.LogbackLoggingSystem.loadConfiguration(LogbackLoggingSystem.java:252)
		... 29 common frames omitted
	Suppressed: ch.qos.logback.core.model.processor.ModelHandlerException: ch.qos.logback.core.util.IncompatibleClassException
		at ch.qos.logback.core.model.processor.AppenderModelHandler.handle(AppenderModelHandler.java:75)
		at ch.qos.logback.core.model.processor.DefaultProcessor.secondPhaseTraverse(DefaultProcessor.java:241)
		at ch.qos.logback.core.model.processor.DefaultProcessor.secondPhaseTraverse(DefaultProcessor.java:253)
		at ch.qos.logback.core.model.processor.DefaultProcessor.traversalLoop(DefaultProcessor.java:90)
		at ch.qos.logback.core.model.processor.DefaultProcessor.process(DefaultProcessor.java:106)
		at ch.qos.logback.core.joran.GenericXMLConfigurator.processModel(GenericXMLConfigurator.java:222)
		at org.springframework.boot.logging.logback.SpringBootJoranConfigurator.processModel(SpringBootJoranConfigurator.java:133)
		at ch.qos.logback.core.joran.GenericXMLConfigurator.doConfigure(GenericXMLConfigurator.java:178)
		at ch.qos.logback.core.joran.GenericXMLConfigurator.doConfigure(GenericXMLConfigurator.java:123)
		at ch.qos.logback.core.joran.GenericXMLConfigurator.doConfigure(GenericXMLConfigurator.java:66)
		at org.springframework.boot.logging.logback.LogbackLoggingSystem.configureByResourceUrl(LogbackLoggingSystem.java:297)
		at org.springframework.boot.logging.logback.LogbackLoggingSystem.lambda$loadConfiguration$1(LogbackLoggingSystem.java:258)
		at org.springframework.boot.logging.logback.LogbackLoggingSystem.withLoggingSuppressed(LogbackLoggingSystem.java:477)
		at org.springframework.boot.logging.logback.LogbackLoggingSystem.loadConfiguration(LogbackLoggingSystem.java:252)
		... 29 common frames omitted
	Caused by: [CIRCULAR REFERENCE: ch.qos.logback.core.util.IncompatibleClassException: null]
2024-11-12 15:38:27 ERROR o.s.boot.SpringApplication - Application run failed
java.lang.IllegalStateException: java.lang.IllegalStateException: Logback configuration error detected: 
ERROR in ch.qos.logback.core.model.processor.AppenderModelHandler - Could not create an Appender of type [ch.qos.logback.core.rolling.TimeBasedRollingPolicy]. ch.qos.logback.core.util.IncompatibleClassException
ERROR in ch.qos.logback.core.model.processor.DefaultProcessor@6488a8cb - Failed to traverse model appender ch.qos.logback.core.model.processor.ModelHandlerException: ch.qos.logback.core.util.IncompatibleClassException
ERROR in ch.qos.logback.core.model.processor.AppenderModelHandler - Could not create an Appender of type [ch.qos.logback.core.rolling.TimeBasedRollingPolicy]. ch.qos.logback.core.util.IncompatibleClassException
ERROR in ch.qos.logback.core.model.processor.DefaultProcessor@6488a8cb - Failed to traverse model appender ch.qos.logback.core.model.processor.ModelHandlerException: ch.qos.logback.core.util.IncompatibleClassException
	at org.springframework.boot.context.logging.LoggingApplicationListener.initializeSystem(LoggingApplicationListener.java:347)
	at org.springframework.boot.context.logging.LoggingApplicationListener.initialize(LoggingApplicationListener.java:298)
	at org.springframework.boot.context.logging.LoggingApplicationListener.onApplicationEnvironmentPreparedEvent(LoggingApplicationListener.java:246)
	at org.springframework.boot.context.logging.LoggingApplicationListener.onApplicationEvent(LoggingApplicationListener.java:223)
	at org.springframework.context.event.SimpleApplicationEventMulticaster.doInvokeListener(SimpleApplicationEventMulticaster.java:185)
	at org.springframework.context.event.SimpleApplicationEventMulticaster.invokeListener(SimpleApplicationEventMulticaster.java:178)
	at org.springframework.context.event.SimpleApplicationEventMulticaster.multicastEvent(SimpleApplicationEventMulticaster.java:156)
	at org.springframework.context.event.SimpleApplicationEventMulticaster.multicastEvent(SimpleApplicationEventMulticaster.java:138)
	at org.springframework.boot.context.event.EventPublishingRunListener.multicastInitialEvent(EventPublishingRunListener.java:136)
	at org.springframework.boot.context.event.EventPublishingRunListener.environmentPrepared(EventPublishingRunListener.java:81)
	at org.springframework.boot.SpringApplicationRunListeners.lambda$environmentPrepared$2(SpringApplicationRunListeners.java:64)
	at java.base/java.lang.Iterable.forEach(Unknown Source)
	at org.springframework.boot.SpringApplicationRunListeners.doWithListeners(SpringApplicationRunListeners.java:118)
	at org.springframework.boot.SpringApplicationRunListeners.doWithListeners(SpringApplicationRunListeners.java:112)
	at org.springframework.boot.SpringApplicationRunListeners.environmentPrepared(SpringApplicationRunListeners.java:63)
	at org.springframework.boot.SpringApplication.prepareEnvironment(SpringApplication.java:370)
	at org.springframework.boot.SpringApplication.run(SpringApplication.java:330)
	at org.springframework.boot.SpringApplication.run(SpringApplication.java:1363)
	at org.springframework.boot.SpringApplication.run(SpringApplication.java:1352)
	at com.pratice.springjpa.SpringjpaApplication.main(SpringjpaApplication.java:10)
	at java.base/jdk.internal.reflect.NativeMethodAccessorImpl.invoke0(Native Method)
	at java.base/jdk.internal.reflect.NativeMethodAccessorImpl.invoke(Unknown Source)
	at java.base/jdk.internal.reflect.DelegatingMethodAccessorImpl.invoke(Unknown Source)
	at java.base/java.lang.reflect.Method.invoke(Unknown Source)
	at org.springframework.boot.devtools.restart.RestartLauncher.run(RestartLauncher.java:50)
Caused by: java.lang.IllegalStateException: Logback configuration error detected: 
ERROR in ch.qos.logback.core.model.processor.AppenderModelHandler - Could not create an Appender of type [ch.qos.logback.core.rolling.TimeBasedRollingPolicy]. ch.qos.logback.core.util.IncompatibleClassException
ERROR in ch.qos.logback.core.model.processor.DefaultProcessor@6488a8cb - Failed to traverse model appender ch.qos.logback.core.model.processor.ModelHandlerException: ch.qos.logback.core.util.IncompatibleClassException
ERROR in ch.qos.logback.core.model.processor.AppenderModelHandler - Could not create an Appender of type [ch.qos.logback.core.rolling.TimeBasedRollingPolicy]. ch.qos.logback.core.util.IncompatibleClassException
ERROR in ch.qos.logback.core.model.processor.DefaultProcessor@6488a8cb - Failed to traverse model appender ch.qos.logback.core.model.processor.ModelHandlerException: ch.qos.logback.core.util.IncompatibleClassException
	at org.springframework.boot.logging.logback.LogbackLoggingSystem.reportConfigurationErrorsIfNecessary(LogbackLoggingSystem.java:287)
	at org.springframework.boot.logging.logback.LogbackLoggingSystem.loadConfiguration(LogbackLoggingSystem.java:265)
	at org.springframework.boot.logging.logback.LogbackLoggingSystem.reinitialize(LogbackLoggingSystem.java:344)
	at org.springframework.boot.logging.AbstractLoggingSystem.initializeWithConventions(AbstractLoggingSystem.java:74)
	at org.springframework.boot.logging.AbstractLoggingSystem.initialize(AbstractLoggingSystem.java:61)
	at org.springframework.boot.logging.logback.LogbackLoggingSystem.initialize(LogbackLoggingSystem.java:196)
	at org.springframework.boot.context.logging.LoggingApplicationListener.initializeSystem(LoggingApplicationListener.java:332)
	... 24 common frames omitted
	Suppressed: ch.qos.logback.core.util.IncompatibleClassException: null
		at ch.qos.logback.core.util.OptionHelper.instantiateByClassNameAndParameter(OptionHelper.java:58)
		at ch.qos.logback.core.util.OptionHelper.instantiateByClassName(OptionHelper.java:44)
		at ch.qos.logback.core.util.OptionHelper.instantiateByClassName(OptionHelper.java:33)
		at ch.qos.logback.core.model.processor.AppenderModelHandler.handle(AppenderModelHandler.java:67)
		at ch.qos.logback.core.model.processor.DefaultProcessor.secondPhaseTraverse(DefaultProcessor.java:241)
		at ch.qos.logback.core.model.processor.DefaultProcessor.secondPhaseTraverse(DefaultProcessor.java:253)
		at ch.qos.logback.core.model.processor.DefaultProcessor.traversalLoop(DefaultProcessor.java:90)
		at ch.qos.logback.core.model.processor.DefaultProcessor.process(DefaultProcessor.java:106)
		at ch.qos.logback.core.joran.GenericXMLConfigurator.processModel(GenericXMLConfigurator.java:222)
		at org.springframework.boot.logging.logback.SpringBootJoranConfigurator.processModel(SpringBootJoranConfigurator.java:133)
		at ch.qos.logback.core.joran.GenericXMLConfigurator.doConfigure(GenericXMLConfigurator.java:178)
		at ch.qos.logback.core.joran.GenericXMLConfigurator.doConfigure(GenericXMLConfigurator.java:123)
		at ch.qos.logback.core.joran.GenericXMLConfigurator.doConfigure(GenericXMLConfigurator.java:66)
		at org.springframework.boot.logging.logback.LogbackLoggingSystem.configureByResourceUrl(LogbackLoggingSystem.java:297)
		at org.springframework.boot.logging.logback.LogbackLoggingSystem.lambda$loadConfiguration$1(LogbackLoggingSystem.java:258)
		at org.springframework.boot.logging.logback.LogbackLoggingSystem.withLoggingSuppressed(LogbackLoggingSystem.java:477)
		at org.springframework.boot.logging.logback.LogbackLoggingSystem.loadConfiguration(LogbackLoggingSystem.java:252)
		... 29 common frames omitted
	Suppressed: ch.qos.logback.core.model.processor.ModelHandlerException: ch.qos.logback.core.util.IncompatibleClassException
		at ch.qos.logback.core.model.processor.AppenderModelHandler.handle(AppenderModelHandler.java:75)
		at ch.qos.logback.core.model.processor.DefaultProcessor.secondPhaseTraverse(DefaultProcessor.java:241)
		at ch.qos.logback.core.model.processor.DefaultProcessor.secondPhaseTraverse(DefaultProcessor.java:253)
		at ch.qos.logback.core.model.processor.DefaultProcessor.traversalLoop(DefaultProcessor.java:90)
		at ch.qos.logback.core.model.processor.DefaultProcessor.process(DefaultProcessor.java:106)
		at ch.qos.logback.core.joran.GenericXMLConfigurator.processModel(GenericXMLConfigurator.java:222)
		at org.springframework.boot.logging.logback.SpringBootJoranConfigurator.processModel(SpringBootJoranConfigurator.java:133)
		at ch.qos.logback.core.joran.GenericXMLConfigurator.doConfigure(GenericXMLConfigurator.java:178)
		at ch.qos.logback.core.joran.GenericXMLConfigurator.doConfigure(GenericXMLConfigurator.java:123)
		at ch.qos.logback.core.joran.GenericXMLConfigurator.doConfigure(GenericXMLConfigurator.java:66)
		at org.springframework.boot.logging.logback.LogbackLoggingSystem.configureByResourceUrl(LogbackLoggingSystem.java:297)
		at org.springframework.boot.logging.logback.LogbackLoggingSystem.lambda$loadConfiguration$1(LogbackLoggingSystem.java:258)
		at org.springframework.boot.logging.logback.LogbackLoggingSystem.withLoggingSuppressed(LogbackLoggingSystem.java:477)
		at org.springframework.boot.logging.logback.LogbackLoggingSystem.loadConfiguration(LogbackLoggingSystem.java:252)
		... 29 common frames omitted
	Caused by: [CIRCULAR REFERENCE: ch.qos.logback.core.util.IncompatibleClassException: null]
	Suppressed: ch.qos.logback.core.util.IncompatibleClassException: null
		at ch.qos.logback.core.util.OptionHelper.instantiateByClassNameAndParameter(OptionHelper.java:58)
		at ch.qos.logback.core.util.OptionHelper.instantiateByClassName(OptionHelper.java:44)
		at ch.qos.logback.core.util.OptionHelper.instantiateByClassName(OptionHelper.java:33)
		at ch.qos.logback.core.model.processor.AppenderModelHandler.handle(AppenderModelHandler.java:67)
		at ch.qos.logback.core.model.processor.DefaultProcessor.secondPhaseTraverse(DefaultProcessor.java:241)
		at ch.qos.logback.core.model.processor.DefaultProcessor.secondPhaseTraverse(DefaultProcessor.java:253)
		at ch.qos.logback.core.model.processor.DefaultProcessor.traversalLoop(DefaultProcessor.java:90)
		at ch.qos.logback.core.model.processor.DefaultProcessor.process(DefaultProcessor.java:106)
		at ch.qos.logback.core.joran.GenericXMLConfigurator.processModel(GenericXMLConfigurator.java:222)
		at org.springframework.boot.logging.logback.SpringBootJoranConfigurator.processModel(SpringBootJoranConfigurator.java:133)
		at ch.qos.logback.core.joran.GenericXMLConfigurator.doConfigure(GenericXMLConfigurator.java:178)
		at ch.qos.logback.core.joran.GenericXMLConfigurator.doConfigure(GenericXMLConfigurator.java:123)
		at ch.qos.logback.core.joran.GenericXMLConfigurator.doConfigure(GenericXMLConfigurator.java:66)
		at org.springframework.boot.logging.logback.LogbackLoggingSystem.configureByResourceUrl(LogbackLoggingSystem.java:297)
		at org.springframework.boot.logging.logback.LogbackLoggingSystem.lambda$loadConfiguration$1(LogbackLoggingSystem.java:258)
		at org.springframework.boot.logging.logback.LogbackLoggingSystem.withLoggingSuppressed(LogbackLoggingSystem.java:477)
		at org.springframework.boot.logging.logback.LogbackLoggingSystem.loadConfiguration(LogbackLoggingSystem.java:252)
		... 29 common frames omitted
	Suppressed: ch.qos.logback.core.model.processor.ModelHandlerException: ch.qos.logback.core.util.IncompatibleClassException
		at ch.qos.logback.core.model.processor.AppenderModelHandler.handle(AppenderModelHandler.java:75)
		at ch.qos.logback.core.model.processor.DefaultProcessor.secondPhaseTraverse(DefaultProcessor.java:241)
		at ch.qos.logback.core.model.processor.DefaultProcessor.secondPhaseTraverse(DefaultProcessor.java:253)
		at ch.qos.logback.core.model.processor.DefaultProcessor.traversalLoop(DefaultProcessor.java:90)
		at ch.qos.logback.core.model.processor.DefaultProcessor.process(DefaultProcessor.java:106)
		at ch.qos.logback.core.joran.GenericXMLConfigurator.processModel(GenericXMLConfigurator.java:222)
		at org.springframework.boot.logging.logback.SpringBootJoranConfigurator.processModel(SpringBootJoranConfigurator.java:133)
		at ch.qos.logback.core.joran.GenericXMLConfigurator.doConfigure(GenericXMLConfigurator.java:178)
		at ch.qos.logback.core.joran.GenericXMLConfigurator.doConfigure(GenericXMLConfigurator.java:123)
		at ch.qos.logback.core.joran.GenericXMLConfigurator.doConfigure(GenericXMLConfigurator.java:66)
		at org.springframework.boot.logging.logback.LogbackLoggingSystem.configureByResourceUrl(LogbackLoggingSystem.java:297)
		at org.springframework.boot.logging.logback.LogbackLoggingSystem.lambda$loadConfiguration$1(LogbackLoggingSystem.java:258)
		at org.springframework.boot.logging.logback.LogbackLoggingSystem.withLoggingSuppressed(LogbackLoggingSystem.java:477)
		at org.springframework.boot.logging.logback.LogbackLoggingSystem.loadConfiguration(LogbackLoggingSystem.java:252)
		... 29 common frames omitted
	Caused by: [CIRCULAR REFERENCE: ch.qos.logback.core.util.IncompatibleClassException: null]
2024-11-12 15:38:30 ERROR o.s.boot.SpringApplication - Application run failed
java.lang.IllegalStateException: java.lang.IllegalStateException: Logback configuration error detected: 
ERROR in ch.qos.logback.core.model.processor.AppenderModelHandler - Could not create an Appender of type [ch.qos.logback.core.rolling.TimeBasedRollingPolicy]. ch.qos.logback.core.util.IncompatibleClassException
ERROR in ch.qos.logback.core.model.processor.DefaultProcessor@57e7a3f8 - Failed to traverse model appender ch.qos.logback.core.model.processor.ModelHandlerException: ch.qos.logback.core.util.IncompatibleClassException
ERROR in ch.qos.logback.core.model.processor.AppenderModelHandler - Could not create an Appender of type [ch.qos.logback.core.rolling.TimeBasedRollingPolicy]. ch.qos.logback.core.util.IncompatibleClassException
ERROR in ch.qos.logback.core.model.processor.DefaultProcessor@57e7a3f8 - Failed to traverse model appender ch.qos.logback.core.model.processor.ModelHandlerException: ch.qos.logback.core.util.IncompatibleClassException
	at org.springframework.boot.context.logging.LoggingApplicationListener.initializeSystem(LoggingApplicationListener.java:347)
	at org.springframework.boot.context.logging.LoggingApplicationListener.initialize(LoggingApplicationListener.java:298)
	at org.springframework.boot.context.logging.LoggingApplicationListener.onApplicationEnvironmentPreparedEvent(LoggingApplicationListener.java:246)
	at org.springframework.boot.context.logging.LoggingApplicationListener.onApplicationEvent(LoggingApplicationListener.java:223)
	at org.springframework.context.event.SimpleApplicationEventMulticaster.doInvokeListener(SimpleApplicationEventMulticaster.java:185)
	at org.springframework.context.event.SimpleApplicationEventMulticaster.invokeListener(SimpleApplicationEventMulticaster.java:178)
	at org.springframework.context.event.SimpleApplicationEventMulticaster.multicastEvent(SimpleApplicationEventMulticaster.java:156)
	at org.springframework.context.event.SimpleApplicationEventMulticaster.multicastEvent(SimpleApplicationEventMulticaster.java:138)
	at org.springframework.boot.context.event.EventPublishingRunListener.multicastInitialEvent(EventPublishingRunListener.java:136)
	at org.springframework.boot.context.event.EventPublishingRunListener.environmentPrepared(EventPublishingRunListener.java:81)
	at org.springframework.boot.SpringApplicationRunListeners.lambda$environmentPrepared$2(SpringApplicationRunListeners.java:64)
	at java.base/java.lang.Iterable.forEach(Unknown Source)
	at org.springframework.boot.SpringApplicationRunListeners.doWithListeners(SpringApplicationRunListeners.java:118)
	at org.springframework.boot.SpringApplicationRunListeners.doWithListeners(SpringApplicationRunListeners.java:112)
	at org.springframework.boot.SpringApplicationRunListeners.environmentPrepared(SpringApplicationRunListeners.java:63)
	at org.springframework.boot.SpringApplication.prepareEnvironment(SpringApplication.java:370)
	at org.springframework.boot.SpringApplication.run(SpringApplication.java:330)
	at org.springframework.boot.SpringApplication.run(SpringApplication.java:1363)
	at org.springframework.boot.SpringApplication.run(SpringApplication.java:1352)
	at com.pratice.springjpa.SpringjpaApplication.main(SpringjpaApplication.java:10)
	at java.base/jdk.internal.reflect.NativeMethodAccessorImpl.invoke0(Native Method)
	at java.base/jdk.internal.reflect.NativeMethodAccessorImpl.invoke(Unknown Source)
	at java.base/jdk.internal.reflect.DelegatingMethodAccessorImpl.invoke(Unknown Source)
	at java.base/java.lang.reflect.Method.invoke(Unknown Source)
	at org.springframework.boot.devtools.restart.RestartLauncher.run(RestartLauncher.java:50)
Caused by: java.lang.IllegalStateException: Logback configuration error detected: 
ERROR in ch.qos.logback.core.model.processor.AppenderModelHandler - Could not create an Appender of type [ch.qos.logback.core.rolling.TimeBasedRollingPolicy]. ch.qos.logback.core.util.IncompatibleClassException
ERROR in ch.qos.logback.core.model.processor.DefaultProcessor@57e7a3f8 - Failed to traverse model appender ch.qos.logback.core.model.processor.ModelHandlerException: ch.qos.logback.core.util.IncompatibleClassException
ERROR in ch.qos.logback.core.model.processor.AppenderModelHandler - Could not create an Appender of type [ch.qos.logback.core.rolling.TimeBasedRollingPolicy]. ch.qos.logback.core.util.IncompatibleClassException
ERROR in ch.qos.logback.core.model.processor.DefaultProcessor@57e7a3f8 - Failed to traverse model appender ch.qos.logback.core.model.processor.ModelHandlerException: ch.qos.logback.core.util.IncompatibleClassException
	at org.springframework.boot.logging.logback.LogbackLoggingSystem.reportConfigurationErrorsIfNecessary(LogbackLoggingSystem.java:287)
	at org.springframework.boot.logging.logback.LogbackLoggingSystem.loadConfiguration(LogbackLoggingSystem.java:265)
	at org.springframework.boot.logging.logback.LogbackLoggingSystem.reinitialize(LogbackLoggingSystem.java:344)
	at org.springframework.boot.logging.AbstractLoggingSystem.initializeWithConventions(AbstractLoggingSystem.java:74)
	at org.springframework.boot.logging.AbstractLoggingSystem.initialize(AbstractLoggingSystem.java:61)
	at org.springframework.boot.logging.logback.LogbackLoggingSystem.initialize(LogbackLoggingSystem.java:196)
	at org.springframework.boot.context.logging.LoggingApplicationListener.initializeSystem(LoggingApplicationListener.java:332)
	... 24 common frames omitted
	Suppressed: ch.qos.logback.core.util.IncompatibleClassException: null
		at ch.qos.logback.core.util.OptionHelper.instantiateByClassNameAndParameter(OptionHelper.java:58)
		at ch.qos.logback.core.util.OptionHelper.instantiateByClassName(OptionHelper.java:44)
		at ch.qos.logback.core.util.OptionHelper.instantiateByClassName(OptionHelper.java:33)
		at ch.qos.logback.core.model.processor.AppenderModelHandler.handle(AppenderModelHandler.java:67)
		at ch.qos.logback.core.model.processor.DefaultProcessor.secondPhaseTraverse(DefaultProcessor.java:241)
		at ch.qos.logback.core.model.processor.DefaultProcessor.secondPhaseTraverse(DefaultProcessor.java:253)
		at ch.qos.logback.core.model.processor.DefaultProcessor.traversalLoop(DefaultProcessor.java:90)
		at ch.qos.logback.core.model.processor.DefaultProcessor.process(DefaultProcessor.java:106)
		at ch.qos.logback.core.joran.GenericXMLConfigurator.processModel(GenericXMLConfigurator.java:222)
		at org.springframework.boot.logging.logback.SpringBootJoranConfigurator.processModel(SpringBootJoranConfigurator.java:133)
		at ch.qos.logback.core.joran.GenericXMLConfigurator.doConfigure(GenericXMLConfigurator.java:178)
		at ch.qos.logback.core.joran.GenericXMLConfigurator.doConfigure(GenericXMLConfigurator.java:123)
		at ch.qos.logback.core.joran.GenericXMLConfigurator.doConfigure(GenericXMLConfigurator.java:66)
		at org.springframework.boot.logging.logback.LogbackLoggingSystem.configureByResourceUrl(LogbackLoggingSystem.java:297)
		at org.springframework.boot.logging.logback.LogbackLoggingSystem.lambda$loadConfiguration$1(LogbackLoggingSystem.java:258)
		at org.springframework.boot.logging.logback.LogbackLoggingSystem.withLoggingSuppressed(LogbackLoggingSystem.java:477)
		at org.springframework.boot.logging.logback.LogbackLoggingSystem.loadConfiguration(LogbackLoggingSystem.java:252)
		... 29 common frames omitted
	Suppressed: ch.qos.logback.core.model.processor.ModelHandlerException: ch.qos.logback.core.util.IncompatibleClassException
		at ch.qos.logback.core.model.processor.AppenderModelHandler.handle(AppenderModelHandler.java:75)
		at ch.qos.logback.core.model.processor.DefaultProcessor.secondPhaseTraverse(DefaultProcessor.java:241)
		at ch.qos.logback.core.model.processor.DefaultProcessor.secondPhaseTraverse(DefaultProcessor.java:253)
		at ch.qos.logback.core.model.processor.DefaultProcessor.traversalLoop(DefaultProcessor.java:90)
		at ch.qos.logback.core.model.processor.DefaultProcessor.process(DefaultProcessor.java:106)
		at ch.qos.logback.core.joran.GenericXMLConfigurator.processModel(GenericXMLConfigurator.java:222)
		at org.springframework.boot.logging.logback.SpringBootJoranConfigurator.processModel(SpringBootJoranConfigurator.java:133)
		at ch.qos.logback.core.joran.GenericXMLConfigurator.doConfigure(GenericXMLConfigurator.java:178)
		at ch.qos.logback.core.joran.GenericXMLConfigurator.doConfigure(GenericXMLConfigurator.java:123)
		at ch.qos.logback.core.joran.GenericXMLConfigurator.doConfigure(GenericXMLConfigurator.java:66)
		at org.springframework.boot.logging.logback.LogbackLoggingSystem.configureByResourceUrl(LogbackLoggingSystem.java:297)
		at org.springframework.boot.logging.logback.LogbackLoggingSystem.lambda$loadConfiguration$1(LogbackLoggingSystem.java:258)
		at org.springframework.boot.logging.logback.LogbackLoggingSystem.withLoggingSuppressed(LogbackLoggingSystem.java:477)
		at org.springframework.boot.logging.logback.LogbackLoggingSystem.loadConfiguration(LogbackLoggingSystem.java:252)
		... 29 common frames omitted
	Caused by: [CIRCULAR REFERENCE: ch.qos.logback.core.util.IncompatibleClassException: null]
	Suppressed: ch.qos.logback.core.util.IncompatibleClassException: null
		at ch.qos.logback.core.util.OptionHelper.instantiateByClassNameAndParameter(OptionHelper.java:58)
		at ch.qos.logback.core.util.OptionHelper.instantiateByClassName(OptionHelper.java:44)
		at ch.qos.logback.core.util.OptionHelper.instantiateByClassName(OptionHelper.java:33)
		at ch.qos.logback.core.model.processor.AppenderModelHandler.handle(AppenderModelHandler.java:67)
		at ch.qos.logback.core.model.processor.DefaultProcessor.secondPhaseTraverse(DefaultProcessor.java:241)
		at ch.qos.logback.core.model.processor.DefaultProcessor.secondPhaseTraverse(DefaultProcessor.java:253)
		at ch.qos.logback.core.model.processor.DefaultProcessor.traversalLoop(DefaultProcessor.java:90)
		at ch.qos.logback.core.model.processor.DefaultProcessor.process(DefaultProcessor.java:106)
		at ch.qos.logback.core.joran.GenericXMLConfigurator.processModel(GenericXMLConfigurator.java:222)
		at org.springframework.boot.logging.logback.SpringBootJoranConfigurator.processModel(SpringBootJoranConfigurator.java:133)
		at ch.qos.logback.core.joran.GenericXMLConfigurator.doConfigure(GenericXMLConfigurator.java:178)
		at ch.qos.logback.core.joran.GenericXMLConfigurator.doConfigure(GenericXMLConfigurator.java:123)
		at ch.qos.logback.core.joran.GenericXMLConfigurator.doConfigure(GenericXMLConfigurator.java:66)
		at org.springframework.boot.logging.logback.LogbackLoggingSystem.configureByResourceUrl(LogbackLoggingSystem.java:297)
		at org.springframework.boot.logging.logback.LogbackLoggingSystem.lambda$loadConfiguration$1(LogbackLoggingSystem.java:258)
		at org.springframework.boot.logging.logback.LogbackLoggingSystem.withLoggingSuppressed(LogbackLoggingSystem.java:477)
		at org.springframework.boot.logging.logback.LogbackLoggingSystem.loadConfiguration(LogbackLoggingSystem.java:252)
		... 29 common frames omitted
	Suppressed: ch.qos.logback.core.model.processor.ModelHandlerException: ch.qos.logback.core.util.IncompatibleClassException
		at ch.qos.logback.core.model.processor.AppenderModelHandler.handle(AppenderModelHandler.java:75)
		at ch.qos.logback.core.model.processor.DefaultProcessor.secondPhaseTraverse(DefaultProcessor.java:241)
		at ch.qos.logback.core.model.processor.DefaultProcessor.secondPhaseTraverse(DefaultProcessor.java:253)
		at ch.qos.logback.core.model.processor.DefaultProcessor.traversalLoop(DefaultProcessor.java:90)
		at ch.qos.logback.core.model.processor.DefaultProcessor.process(DefaultProcessor.java:106)
		at ch.qos.logback.core.joran.GenericXMLConfigurator.processModel(GenericXMLConfigurator.java:222)
		at org.springframework.boot.logging.logback.SpringBootJoranConfigurator.processModel(SpringBootJoranConfigurator.java:133)
		at ch.qos.logback.core.joran.GenericXMLConfigurator.doConfigure(GenericXMLConfigurator.java:178)
		at ch.qos.logback.core.joran.GenericXMLConfigurator.doConfigure(GenericXMLConfigurator.java:123)
		at ch.qos.logback.core.joran.GenericXMLConfigurator.doConfigure(GenericXMLConfigurator.java:66)
		at org.springframework.boot.logging.logback.LogbackLoggingSystem.configureByResourceUrl(LogbackLoggingSystem.java:297)
		at org.springframework.boot.logging.logback.LogbackLoggingSystem.lambda$loadConfiguration$1(LogbackLoggingSystem.java:258)
		at org.springframework.boot.logging.logback.LogbackLoggingSystem.withLoggingSuppressed(LogbackLoggingSystem.java:477)
		at org.springframework.boot.logging.logback.LogbackLoggingSystem.loadConfiguration(LogbackLoggingSystem.java:252)
		... 29 common frames omitted
	Caused by: [CIRCULAR REFERENCE: ch.qos.logback.core.util.IncompatibleClassException: null]
2024-11-12 15:38:42 ERROR o.s.boot.SpringApplication - Application run failed
java.lang.IllegalStateException: java.lang.IllegalStateException: Logback configuration error detected: 
ERROR in ch.qos.logback.core.model.processor.AppenderModelHandler - Could not create an Appender of type [ch.qos.logback.core.rolling.TimeBasedRollingPolicy]. ch.qos.logback.core.util.IncompatibleClassException
ERROR in ch.qos.logback.core.model.processor.DefaultProcessor@5c17a000 - Failed to traverse model appender ch.qos.logback.core.model.processor.ModelHandlerException: ch.qos.logback.core.util.IncompatibleClassException
ERROR in ch.qos.logback.core.model.processor.AppenderModelHandler - Could not create an Appender of type [ch.qos.logback.core.rolling.TimeBasedRollingPolicy]. ch.qos.logback.core.util.IncompatibleClassException
ERROR in ch.qos.logback.core.model.processor.DefaultProcessor@5c17a000 - Failed to traverse model appender ch.qos.logback.core.model.processor.ModelHandlerException: ch.qos.logback.core.util.IncompatibleClassException
	at org.springframework.boot.context.logging.LoggingApplicationListener.initializeSystem(LoggingApplicationListener.java:347)
	at org.springframework.boot.context.logging.LoggingApplicationListener.initialize(LoggingApplicationListener.java:298)
	at org.springframework.boot.context.logging.LoggingApplicationListener.onApplicationEnvironmentPreparedEvent(LoggingApplicationListener.java:246)
	at org.springframework.boot.context.logging.LoggingApplicationListener.onApplicationEvent(LoggingApplicationListener.java:223)
	at org.springframework.context.event.SimpleApplicationEventMulticaster.doInvokeListener(SimpleApplicationEventMulticaster.java:185)
	at org.springframework.context.event.SimpleApplicationEventMulticaster.invokeListener(SimpleApplicationEventMulticaster.java:178)
	at org.springframework.context.event.SimpleApplicationEventMulticaster.multicastEvent(SimpleApplicationEventMulticaster.java:156)
	at org.springframework.context.event.SimpleApplicationEventMulticaster.multicastEvent(SimpleApplicationEventMulticaster.java:138)
	at org.springframework.boot.context.event.EventPublishingRunListener.multicastInitialEvent(EventPublishingRunListener.java:136)
	at org.springframework.boot.context.event.EventPublishingRunListener.environmentPrepared(EventPublishingRunListener.java:81)
	at org.springframework.boot.SpringApplicationRunListeners.lambda$environmentPrepared$2(SpringApplicationRunListeners.java:64)
	at java.base/java.lang.Iterable.forEach(Unknown Source)
	at org.springframework.boot.SpringApplicationRunListeners.doWithListeners(SpringApplicationRunListeners.java:118)
	at org.springframework.boot.SpringApplicationRunListeners.doWithListeners(SpringApplicationRunListeners.java:112)
	at org.springframework.boot.SpringApplicationRunListeners.environmentPrepared(SpringApplicationRunListeners.java:63)
	at org.springframework.boot.SpringApplication.prepareEnvironment(SpringApplication.java:370)
	at org.springframework.boot.SpringApplication.run(SpringApplication.java:330)
	at org.springframework.boot.SpringApplication.run(SpringApplication.java:1363)
	at org.springframework.boot.SpringApplication.run(SpringApplication.java:1352)
	at com.pratice.springjpa.SpringjpaApplication.main(SpringjpaApplication.java:10)
	at java.base/jdk.internal.reflect.NativeMethodAccessorImpl.invoke0(Native Method)
	at java.base/jdk.internal.reflect.NativeMethodAccessorImpl.invoke(Unknown Source)
	at java.base/jdk.internal.reflect.DelegatingMethodAccessorImpl.invoke(Unknown Source)
	at java.base/java.lang.reflect.Method.invoke(Unknown Source)
	at org.springframework.boot.devtools.restart.RestartLauncher.run(RestartLauncher.java:50)
Caused by: java.lang.IllegalStateException: Logback configuration error detected: 
ERROR in ch.qos.logback.core.model.processor.AppenderModelHandler - Could not create an Appender of type [ch.qos.logback.core.rolling.TimeBasedRollingPolicy]. ch.qos.logback.core.util.IncompatibleClassException
ERROR in ch.qos.logback.core.model.processor.DefaultProcessor@5c17a000 - Failed to traverse model appender ch.qos.logback.core.model.processor.ModelHandlerException: ch.qos.logback.core.util.IncompatibleClassException
ERROR in ch.qos.logback.core.model.processor.AppenderModelHandler - Could not create an Appender of type [ch.qos.logback.core.rolling.TimeBasedRollingPolicy]. ch.qos.logback.core.util.IncompatibleClassException
ERROR in ch.qos.logback.core.model.processor.DefaultProcessor@5c17a000 - Failed to traverse model appender ch.qos.logback.core.model.processor.ModelHandlerException: ch.qos.logback.core.util.IncompatibleClassException
	at org.springframework.boot.logging.logback.LogbackLoggingSystem.reportConfigurationErrorsIfNecessary(LogbackLoggingSystem.java:287)
	at org.springframework.boot.logging.logback.LogbackLoggingSystem.loadConfiguration(LogbackLoggingSystem.java:265)
	at org.springframework.boot.logging.logback.LogbackLoggingSystem.reinitialize(LogbackLoggingSystem.java:344)
	at org.springframework.boot.logging.AbstractLoggingSystem.initializeWithConventions(AbstractLoggingSystem.java:74)
	at org.springframework.boot.logging.AbstractLoggingSystem.initialize(AbstractLoggingSystem.java:61)
	at org.springframework.boot.logging.logback.LogbackLoggingSystem.initialize(LogbackLoggingSystem.java:196)
	at org.springframework.boot.context.logging.LoggingApplicationListener.initializeSystem(LoggingApplicationListener.java:332)
	... 24 common frames omitted
	Suppressed: ch.qos.logback.core.util.IncompatibleClassException: null
		at ch.qos.logback.core.util.OptionHelper.instantiateByClassNameAndParameter(OptionHelper.java:58)
		at ch.qos.logback.core.util.OptionHelper.instantiateByClassName(OptionHelper.java:44)
		at ch.qos.logback.core.util.OptionHelper.instantiateByClassName(OptionHelper.java:33)
		at ch.qos.logback.core.model.processor.AppenderModelHandler.handle(AppenderModelHandler.java:67)
		at ch.qos.logback.core.model.processor.DefaultProcessor.secondPhaseTraverse(DefaultProcessor.java:241)
		at ch.qos.logback.core.model.processor.DefaultProcessor.secondPhaseTraverse(DefaultProcessor.java:253)
		at ch.qos.logback.core.model.processor.DefaultProcessor.traversalLoop(DefaultProcessor.java:90)
		at ch.qos.logback.core.model.processor.DefaultProcessor.process(DefaultProcessor.java:106)
		at ch.qos.logback.core.joran.GenericXMLConfigurator.processModel(GenericXMLConfigurator.java:222)
		at org.springframework.boot.logging.logback.SpringBootJoranConfigurator.processModel(SpringBootJoranConfigurator.java:133)
		at ch.qos.logback.core.joran.GenericXMLConfigurator.doConfigure(GenericXMLConfigurator.java:178)
		at ch.qos.logback.core.joran.GenericXMLConfigurator.doConfigure(GenericXMLConfigurator.java:123)
		at ch.qos.logback.core.joran.GenericXMLConfigurator.doConfigure(GenericXMLConfigurator.java:66)
		at org.springframework.boot.logging.logback.LogbackLoggingSystem.configureByResourceUrl(LogbackLoggingSystem.java:297)
		at org.springframework.boot.logging.logback.LogbackLoggingSystem.lambda$loadConfiguration$1(LogbackLoggingSystem.java:258)
		at org.springframework.boot.logging.logback.LogbackLoggingSystem.withLoggingSuppressed(LogbackLoggingSystem.java:477)
		at org.springframework.boot.logging.logback.LogbackLoggingSystem.loadConfiguration(LogbackLoggingSystem.java:252)
		... 29 common frames omitted
	Suppressed: ch.qos.logback.core.model.processor.ModelHandlerException: ch.qos.logback.core.util.IncompatibleClassException
		at ch.qos.logback.core.model.processor.AppenderModelHandler.handle(AppenderModelHandler.java:75)
		at ch.qos.logback.core.model.processor.DefaultProcessor.secondPhaseTraverse(DefaultProcessor.java:241)
		at ch.qos.logback.core.model.processor.DefaultProcessor.secondPhaseTraverse(DefaultProcessor.java:253)
		at ch.qos.logback.core.model.processor.DefaultProcessor.traversalLoop(DefaultProcessor.java:90)
		at ch.qos.logback.core.model.processor.DefaultProcessor.process(DefaultProcessor.java:106)
		at ch.qos.logback.core.joran.GenericXMLConfigurator.processModel(GenericXMLConfigurator.java:222)
		at org.springframework.boot.logging.logback.SpringBootJoranConfigurator.processModel(SpringBootJoranConfigurator.java:133)
		at ch.qos.logback.core.joran.GenericXMLConfigurator.doConfigure(GenericXMLConfigurator.java:178)
		at ch.qos.logback.core.joran.GenericXMLConfigurator.doConfigure(GenericXMLConfigurator.java:123)
		at ch.qos.logback.core.joran.GenericXMLConfigurator.doConfigure(GenericXMLConfigurator.java:66)
		at org.springframework.boot.logging.logback.LogbackLoggingSystem.configureByResourceUrl(LogbackLoggingSystem.java:297)
		at org.springframework.boot.logging.logback.LogbackLoggingSystem.lambda$loadConfiguration$1(LogbackLoggingSystem.java:258)
		at org.springframework.boot.logging.logback.LogbackLoggingSystem.withLoggingSuppressed(LogbackLoggingSystem.java:477)
		at org.springframework.boot.logging.logback.LogbackLoggingSystem.loadConfiguration(LogbackLoggingSystem.java:252)
		... 29 common frames omitted
	Caused by: [CIRCULAR REFERENCE: ch.qos.logback.core.util.IncompatibleClassException: null]
	Suppressed: ch.qos.logback.core.util.IncompatibleClassException: null
		at ch.qos.logback.core.util.OptionHelper.instantiateByClassNameAndParameter(OptionHelper.java:58)
		at ch.qos.logback.core.util.OptionHelper.instantiateByClassName(OptionHelper.java:44)
		at ch.qos.logback.core.util.OptionHelper.instantiateByClassName(OptionHelper.java:33)
		at ch.qos.logback.core.model.processor.AppenderModelHandler.handle(AppenderModelHandler.java:67)
		at ch.qos.logback.core.model.processor.DefaultProcessor.secondPhaseTraverse(DefaultProcessor.java:241)
		at ch.qos.logback.core.model.processor.DefaultProcessor.secondPhaseTraverse(DefaultProcessor.java:253)
		at ch.qos.logback.core.model.processor.DefaultProcessor.traversalLoop(DefaultProcessor.java:90)
		at ch.qos.logback.core.model.processor.DefaultProcessor.process(DefaultProcessor.java:106)
		at ch.qos.logback.core.joran.GenericXMLConfigurator.processModel(GenericXMLConfigurator.java:222)
		at org.springframework.boot.logging.logback.SpringBootJoranConfigurator.processModel(SpringBootJoranConfigurator.java:133)
		at ch.qos.logback.core.joran.GenericXMLConfigurator.doConfigure(GenericXMLConfigurator.java:178)
		at ch.qos.logback.core.joran.GenericXMLConfigurator.doConfigure(GenericXMLConfigurator.java:123)
		at ch.qos.logback.core.joran.GenericXMLConfigurator.doConfigure(GenericXMLConfigurator.java:66)
		at org.springframework.boot.logging.logback.LogbackLoggingSystem.configureByResourceUrl(LogbackLoggingSystem.java:297)
		at org.springframework.boot.logging.logback.LogbackLoggingSystem.lambda$loadConfiguration$1(LogbackLoggingSystem.java:258)
		at org.springframework.boot.logging.logback.LogbackLoggingSystem.withLoggingSuppressed(LogbackLoggingSystem.java:477)
		at org.springframework.boot.logging.logback.LogbackLoggingSystem.loadConfiguration(LogbackLoggingSystem.java:252)
		... 29 common frames omitted
	Suppressed: ch.qos.logback.core.model.processor.ModelHandlerException: ch.qos.logback.core.util.IncompatibleClassException
		at ch.qos.logback.core.model.processor.AppenderModelHandler.handle(AppenderModelHandler.java:75)
		at ch.qos.logback.core.model.processor.DefaultProcessor.secondPhaseTraverse(DefaultProcessor.java:241)
		at ch.qos.logback.core.model.processor.DefaultProcessor.secondPhaseTraverse(DefaultProcessor.java:253)
		at ch.qos.logback.core.model.processor.DefaultProcessor.traversalLoop(DefaultProcessor.java:90)
		at ch.qos.logback.core.model.processor.DefaultProcessor.process(DefaultProcessor.java:106)
		at ch.qos.logback.core.joran.GenericXMLConfigurator.processModel(GenericXMLConfigurator.java:222)
		at org.springframework.boot.logging.logback.SpringBootJoranConfigurator.processModel(SpringBootJoranConfigurator.java:133)
		at ch.qos.logback.core.joran.GenericXMLConfigurator.doConfigure(GenericXMLConfigurator.java:178)
		at ch.qos.logback.core.joran.GenericXMLConfigurator.doConfigure(GenericXMLConfigurator.java:123)
		at ch.qos.logback.core.joran.GenericXMLConfigurator.doConfigure(GenericXMLConfigurator.java:66)
		at org.springframework.boot.logging.logback.LogbackLoggingSystem.configureByResourceUrl(LogbackLoggingSystem.java:297)
		at org.springframework.boot.logging.logback.LogbackLoggingSystem.lambda$loadConfiguration$1(LogbackLoggingSystem.java:258)
		at org.springframework.boot.logging.logback.LogbackLoggingSystem.withLoggingSuppressed(LogbackLoggingSystem.java:477)
		at org.springframework.boot.logging.logback.LogbackLoggingSystem.loadConfiguration(LogbackLoggingSystem.java:252)
		... 29 common frames omitted
	Caused by: [CIRCULAR REFERENCE: ch.qos.logback.core.util.IncompatibleClassException: null]
2024-11-12 15:38:44 ERROR o.s.boot.SpringApplication - Application run failed
java.lang.IllegalStateException: java.lang.IllegalStateException: Logback configuration error detected: 
ERROR in ch.qos.logback.core.model.processor.AppenderModelHandler - Could not create an Appender of type [ch.qos.logback.core.rolling.TimeBasedRollingPolicy]. ch.qos.logback.core.util.IncompatibleClassException
ERROR in ch.qos.logback.core.model.processor.DefaultProcessor@255f76f5 - Failed to traverse model appender ch.qos.logback.core.model.processor.ModelHandlerException: ch.qos.logback.core.util.IncompatibleClassException
ERROR in ch.qos.logback.core.model.processor.AppenderModelHandler - Could not create an Appender of type [ch.qos.logback.core.rolling.TimeBasedRollingPolicy]. ch.qos.logback.core.util.IncompatibleClassException
ERROR in ch.qos.logback.core.model.processor.DefaultProcessor@255f76f5 - Failed to traverse model appender ch.qos.logback.core.model.processor.ModelHandlerException: ch.qos.logback.core.util.IncompatibleClassException
	at org.springframework.boot.context.logging.LoggingApplicationListener.initializeSystem(LoggingApplicationListener.java:347)
	at org.springframework.boot.context.logging.LoggingApplicationListener.initialize(LoggingApplicationListener.java:298)
	at org.springframework.boot.context.logging.LoggingApplicationListener.onApplicationEnvironmentPreparedEvent(LoggingApplicationListener.java:246)
	at org.springframework.boot.context.logging.LoggingApplicationListener.onApplicationEvent(LoggingApplicationListener.java:223)
	at org.springframework.context.event.SimpleApplicationEventMulticaster.doInvokeListener(SimpleApplicationEventMulticaster.java:185)
	at org.springframework.context.event.SimpleApplicationEventMulticaster.invokeListener(SimpleApplicationEventMulticaster.java:178)
	at org.springframework.context.event.SimpleApplicationEventMulticaster.multicastEvent(SimpleApplicationEventMulticaster.java:156)
	at org.springframework.context.event.SimpleApplicationEventMulticaster.multicastEvent(SimpleApplicationEventMulticaster.java:138)
	at org.springframework.boot.context.event.EventPublishingRunListener.multicastInitialEvent(EventPublishingRunListener.java:136)
	at org.springframework.boot.context.event.EventPublishingRunListener.environmentPrepared(EventPublishingRunListener.java:81)
	at org.springframework.boot.SpringApplicationRunListeners.lambda$environmentPrepared$2(SpringApplicationRunListeners.java:64)
	at java.base/java.lang.Iterable.forEach(Unknown Source)
	at org.springframework.boot.SpringApplicationRunListeners.doWithListeners(SpringApplicationRunListeners.java:118)
	at org.springframework.boot.SpringApplicationRunListeners.doWithListeners(SpringApplicationRunListeners.java:112)
	at org.springframework.boot.SpringApplicationRunListeners.environmentPrepared(SpringApplicationRunListeners.java:63)
	at org.springframework.boot.SpringApplication.prepareEnvironment(SpringApplication.java:370)
	at org.springframework.boot.SpringApplication.run(SpringApplication.java:330)
	at org.springframework.boot.SpringApplication.run(SpringApplication.java:1363)
	at org.springframework.boot.SpringApplication.run(SpringApplication.java:1352)
	at com.pratice.springjpa.SpringjpaApplication.main(SpringjpaApplication.java:10)
	at java.base/jdk.internal.reflect.NativeMethodAccessorImpl.invoke0(Native Method)
	at java.base/jdk.internal.reflect.NativeMethodAccessorImpl.invoke(Unknown Source)
	at java.base/jdk.internal.reflect.DelegatingMethodAccessorImpl.invoke(Unknown Source)
	at java.base/java.lang.reflect.Method.invoke(Unknown Source)
	at org.springframework.boot.devtools.restart.RestartLauncher.run(RestartLauncher.java:50)
Caused by: java.lang.IllegalStateException: Logback configuration error detected: 
ERROR in ch.qos.logback.core.model.processor.AppenderModelHandler - Could not create an Appender of type [ch.qos.logback.core.rolling.TimeBasedRollingPolicy]. ch.qos.logback.core.util.IncompatibleClassException
ERROR in ch.qos.logback.core.model.processor.DefaultProcessor@255f76f5 - Failed to traverse model appender ch.qos.logback.core.model.processor.ModelHandlerException: ch.qos.logback.core.util.IncompatibleClassException
ERROR in ch.qos.logback.core.model.processor.AppenderModelHandler - Could not create an Appender of type [ch.qos.logback.core.rolling.TimeBasedRollingPolicy]. ch.qos.logback.core.util.IncompatibleClassException
ERROR in ch.qos.logback.core.model.processor.DefaultProcessor@255f76f5 - Failed to traverse model appender ch.qos.logback.core.model.processor.ModelHandlerException: ch.qos.logback.core.util.IncompatibleClassException
	at org.springframework.boot.logging.logback.LogbackLoggingSystem.reportConfigurationErrorsIfNecessary(LogbackLoggingSystem.java:287)
	at org.springframework.boot.logging.logback.LogbackLoggingSystem.loadConfiguration(LogbackLoggingSystem.java:265)
	at org.springframework.boot.logging.logback.LogbackLoggingSystem.reinitialize(LogbackLoggingSystem.java:344)
	at org.springframework.boot.logging.AbstractLoggingSystem.initializeWithConventions(AbstractLoggingSystem.java:74)
	at org.springframework.boot.logging.AbstractLoggingSystem.initialize(AbstractLoggingSystem.java:61)
	at org.springframework.boot.logging.logback.LogbackLoggingSystem.initialize(LogbackLoggingSystem.java:196)
	at org.springframework.boot.context.logging.LoggingApplicationListener.initializeSystem(LoggingApplicationListener.java:332)
	... 24 common frames omitted
	Suppressed: ch.qos.logback.core.util.IncompatibleClassException: null
		at ch.qos.logback.core.util.OptionHelper.instantiateByClassNameAndParameter(OptionHelper.java:58)
		at ch.qos.logback.core.util.OptionHelper.instantiateByClassName(OptionHelper.java:44)
		at ch.qos.logback.core.util.OptionHelper.instantiateByClassName(OptionHelper.java:33)
		at ch.qos.logback.core.model.processor.AppenderModelHandler.handle(AppenderModelHandler.java:67)
		at ch.qos.logback.core.model.processor.DefaultProcessor.secondPhaseTraverse(DefaultProcessor.java:241)
		at ch.qos.logback.core.model.processor.DefaultProcessor.secondPhaseTraverse(DefaultProcessor.java:253)
		at ch.qos.logback.core.model.processor.DefaultProcessor.traversalLoop(DefaultProcessor.java:90)
		at ch.qos.logback.core.model.processor.DefaultProcessor.process(DefaultProcessor.java:106)
		at ch.qos.logback.core.joran.GenericXMLConfigurator.processModel(GenericXMLConfigurator.java:222)
		at org.springframework.boot.logging.logback.SpringBootJoranConfigurator.processModel(SpringBootJoranConfigurator.java:133)
		at ch.qos.logback.core.joran.GenericXMLConfigurator.doConfigure(GenericXMLConfigurator.java:178)
		at ch.qos.logback.core.joran.GenericXMLConfigurator.doConfigure(GenericXMLConfigurator.java:123)
		at ch.qos.logback.core.joran.GenericXMLConfigurator.doConfigure(GenericXMLConfigurator.java:66)
		at org.springframework.boot.logging.logback.LogbackLoggingSystem.configureByResourceUrl(LogbackLoggingSystem.java:297)
		at org.springframework.boot.logging.logback.LogbackLoggingSystem.lambda$loadConfiguration$1(LogbackLoggingSystem.java:258)
		at org.springframework.boot.logging.logback.LogbackLoggingSystem.withLoggingSuppressed(LogbackLoggingSystem.java:477)
		at org.springframework.boot.logging.logback.LogbackLoggingSystem.loadConfiguration(LogbackLoggingSystem.java:252)
		... 29 common frames omitted
	Suppressed: ch.qos.logback.core.model.processor.ModelHandlerException: ch.qos.logback.core.util.IncompatibleClassException
		at ch.qos.logback.core.model.processor.AppenderModelHandler.handle(AppenderModelHandler.java:75)
		at ch.qos.logback.core.model.processor.DefaultProcessor.secondPhaseTraverse(DefaultProcessor.java:241)
		at ch.qos.logback.core.model.processor.DefaultProcessor.secondPhaseTraverse(DefaultProcessor.java:253)
		at ch.qos.logback.core.model.processor.DefaultProcessor.traversalLoop(DefaultProcessor.java:90)
		at ch.qos.logback.core.model.processor.DefaultProcessor.process(DefaultProcessor.java:106)
		at ch.qos.logback.core.joran.GenericXMLConfigurator.processModel(GenericXMLConfigurator.java:222)
		at org.springframework.boot.logging.logback.SpringBootJoranConfigurator.processModel(SpringBootJoranConfigurator.java:133)
		at ch.qos.logback.core.joran.GenericXMLConfigurator.doConfigure(GenericXMLConfigurator.java:178)
		at ch.qos.logback.core.joran.GenericXMLConfigurator.doConfigure(GenericXMLConfigurator.java:123)
		at ch.qos.logback.core.joran.GenericXMLConfigurator.doConfigure(GenericXMLConfigurator.java:66)
		at org.springframework.boot.logging.logback.LogbackLoggingSystem.configureByResourceUrl(LogbackLoggingSystem.java:297)
		at org.springframework.boot.logging.logback.LogbackLoggingSystem.lambda$loadConfiguration$1(LogbackLoggingSystem.java:258)
		at org.springframework.boot.logging.logback.LogbackLoggingSystem.withLoggingSuppressed(LogbackLoggingSystem.java:477)
		at org.springframework.boot.logging.logback.LogbackLoggingSystem.loadConfiguration(LogbackLoggingSystem.java:252)
		... 29 common frames omitted
	Caused by: [CIRCULAR REFERENCE: ch.qos.logback.core.util.IncompatibleClassException: null]
	Suppressed: ch.qos.logback.core.util.IncompatibleClassException: null
		at ch.qos.logback.core.util.OptionHelper.instantiateByClassNameAndParameter(OptionHelper.java:58)
		at ch.qos.logback.core.util.OptionHelper.instantiateByClassName(OptionHelper.java:44)
		at ch.qos.logback.core.util.OptionHelper.instantiateByClassName(OptionHelper.java:33)
		at ch.qos.logback.core.model.processor.AppenderModelHandler.handle(AppenderModelHandler.java:67)
		at ch.qos.logback.core.model.processor.DefaultProcessor.secondPhaseTraverse(DefaultProcessor.java:241)
		at ch.qos.logback.core.model.processor.DefaultProcessor.secondPhaseTraverse(DefaultProcessor.java:253)
		at ch.qos.logback.core.model.processor.DefaultProcessor.traversalLoop(DefaultProcessor.java:90)
		at ch.qos.logback.core.model.processor.DefaultProcessor.process(DefaultProcessor.java:106)
		at ch.qos.logback.core.joran.GenericXMLConfigurator.processModel(GenericXMLConfigurator.java:222)
		at org.springframework.boot.logging.logback.SpringBootJoranConfigurator.processModel(SpringBootJoranConfigurator.java:133)
		at ch.qos.logback.core.joran.GenericXMLConfigurator.doConfigure(GenericXMLConfigurator.java:178)
		at ch.qos.logback.core.joran.GenericXMLConfigurator.doConfigure(GenericXMLConfigurator.java:123)
		at ch.qos.logback.core.joran.GenericXMLConfigurator.doConfigure(GenericXMLConfigurator.java:66)
		at org.springframework.boot.logging.logback.LogbackLoggingSystem.configureByResourceUrl(LogbackLoggingSystem.java:297)
		at org.springframework.boot.logging.logback.LogbackLoggingSystem.lambda$loadConfiguration$1(LogbackLoggingSystem.java:258)
		at org.springframework.boot.logging.logback.LogbackLoggingSystem.withLoggingSuppressed(LogbackLoggingSystem.java:477)
		at org.springframework.boot.logging.logback.LogbackLoggingSystem.loadConfiguration(LogbackLoggingSystem.java:252)
		... 29 common frames omitted
	Suppressed: ch.qos.logback.core.model.processor.ModelHandlerException: ch.qos.logback.core.util.IncompatibleClassException
		at ch.qos.logback.core.model.processor.AppenderModelHandler.handle(AppenderModelHandler.java:75)
		at ch.qos.logback.core.model.processor.DefaultProcessor.secondPhaseTraverse(DefaultProcessor.java:241)
		at ch.qos.logback.core.model.processor.DefaultProcessor.secondPhaseTraverse(DefaultProcessor.java:253)
		at ch.qos.logback.core.model.processor.DefaultProcessor.traversalLoop(DefaultProcessor.java:90)
		at ch.qos.logback.core.model.processor.DefaultProcessor.process(DefaultProcessor.java:106)
		at ch.qos.logback.core.joran.GenericXMLConfigurator.processModel(GenericXMLConfigurator.java:222)
		at org.springframework.boot.logging.logback.SpringBootJoranConfigurator.processModel(SpringBootJoranConfigurator.java:133)
		at ch.qos.logback.core.joran.GenericXMLConfigurator.doConfigure(GenericXMLConfigurator.java:178)
		at ch.qos.logback.core.joran.GenericXMLConfigurator.doConfigure(GenericXMLConfigurator.java:123)
		at ch.qos.logback.core.joran.GenericXMLConfigurator.doConfigure(GenericXMLConfigurator.java:66)
		at org.springframework.boot.logging.logback.LogbackLoggingSystem.configureByResourceUrl(LogbackLoggingSystem.java:297)
		at org.springframework.boot.logging.logback.LogbackLoggingSystem.lambda$loadConfiguration$1(LogbackLoggingSystem.java:258)
		at org.springframework.boot.logging.logback.LogbackLoggingSystem.withLoggingSuppressed(LogbackLoggingSystem.java:477)
		at org.springframework.boot.logging.logback.LogbackLoggingSystem.loadConfiguration(LogbackLoggingSystem.java:252)
		... 29 common frames omitted
	Caused by: [CIRCULAR REFERENCE: ch.qos.logback.core.util.IncompatibleClassException: null]
2024-11-12 15:38:46 ERROR o.s.boot.SpringApplication - Application run failed
java.lang.IllegalStateException: java.lang.IllegalStateException: Logback configuration error detected: 
ERROR in ch.qos.logback.core.model.processor.AppenderModelHandler - Could not create an Appender of type [ch.qos.logback.core.rolling.TimeBasedRollingPolicy]. ch.qos.logback.core.util.IncompatibleClassException
ERROR in ch.qos.logback.core.model.processor.DefaultProcessor@6931f02d - Failed to traverse model appender ch.qos.logback.core.model.processor.ModelHandlerException: ch.qos.logback.core.util.IncompatibleClassException
ERROR in ch.qos.logback.core.model.processor.AppenderModelHandler - Could not create an Appender of type [ch.qos.logback.core.rolling.TimeBasedRollingPolicy]. ch.qos.logback.core.util.IncompatibleClassException
ERROR in ch.qos.logback.core.model.processor.DefaultProcessor@6931f02d - Failed to traverse model appender ch.qos.logback.core.model.processor.ModelHandlerException: ch.qos.logback.core.util.IncompatibleClassException
	at org.springframework.boot.context.logging.LoggingApplicationListener.initializeSystem(LoggingApplicationListener.java:347)
	at org.springframework.boot.context.logging.LoggingApplicationListener.initialize(LoggingApplicationListener.java:298)
	at org.springframework.boot.context.logging.LoggingApplicationListener.onApplicationEnvironmentPreparedEvent(LoggingApplicationListener.java:246)
	at org.springframework.boot.context.logging.LoggingApplicationListener.onApplicationEvent(LoggingApplicationListener.java:223)
	at org.springframework.context.event.SimpleApplicationEventMulticaster.doInvokeListener(SimpleApplicationEventMulticaster.java:185)
	at org.springframework.context.event.SimpleApplicationEventMulticaster.invokeListener(SimpleApplicationEventMulticaster.java:178)
	at org.springframework.context.event.SimpleApplicationEventMulticaster.multicastEvent(SimpleApplicationEventMulticaster.java:156)
	at org.springframework.context.event.SimpleApplicationEventMulticaster.multicastEvent(SimpleApplicationEventMulticaster.java:138)
	at org.springframework.boot.context.event.EventPublishingRunListener.multicastInitialEvent(EventPublishingRunListener.java:136)
	at org.springframework.boot.context.event.EventPublishingRunListener.environmentPrepared(EventPublishingRunListener.java:81)
	at org.springframework.boot.SpringApplicationRunListeners.lambda$environmentPrepared$2(SpringApplicationRunListeners.java:64)
	at java.base/java.lang.Iterable.forEach(Unknown Source)
	at org.springframework.boot.SpringApplicationRunListeners.doWithListeners(SpringApplicationRunListeners.java:118)
	at org.springframework.boot.SpringApplicationRunListeners.doWithListeners(SpringApplicationRunListeners.java:112)
	at org.springframework.boot.SpringApplicationRunListeners.environmentPrepared(SpringApplicationRunListeners.java:63)
	at org.springframework.boot.SpringApplication.prepareEnvironment(SpringApplication.java:370)
	at org.springframework.boot.SpringApplication.run(SpringApplication.java:330)
	at org.springframework.boot.SpringApplication.run(SpringApplication.java:1363)
	at org.springframework.boot.SpringApplication.run(SpringApplication.java:1352)
	at com.pratice.springjpa.SpringjpaApplication.main(SpringjpaApplication.java:10)
	at java.base/jdk.internal.reflect.NativeMethodAccessorImpl.invoke0(Native Method)
	at java.base/jdk.internal.reflect.NativeMethodAccessorImpl.invoke(Unknown Source)
	at java.base/jdk.internal.reflect.DelegatingMethodAccessorImpl.invoke(Unknown Source)
	at java.base/java.lang.reflect.Method.invoke(Unknown Source)
	at org.springframework.boot.devtools.restart.RestartLauncher.run(RestartLauncher.java:50)
Caused by: java.lang.IllegalStateException: Logback configuration error detected: 
ERROR in ch.qos.logback.core.model.processor.AppenderModelHandler - Could not create an Appender of type [ch.qos.logback.core.rolling.TimeBasedRollingPolicy]. ch.qos.logback.core.util.IncompatibleClassException
ERROR in ch.qos.logback.core.model.processor.DefaultProcessor@6931f02d - Failed to traverse model appender ch.qos.logback.core.model.processor.ModelHandlerException: ch.qos.logback.core.util.IncompatibleClassException
ERROR in ch.qos.logback.core.model.processor.AppenderModelHandler - Could not create an Appender of type [ch.qos.logback.core.rolling.TimeBasedRollingPolicy]. ch.qos.logback.core.util.IncompatibleClassException
ERROR in ch.qos.logback.core.model.processor.DefaultProcessor@6931f02d - Failed to traverse model appender ch.qos.logback.core.model.processor.ModelHandlerException: ch.qos.logback.core.util.IncompatibleClassException
	at org.springframework.boot.logging.logback.LogbackLoggingSystem.reportConfigurationErrorsIfNecessary(LogbackLoggingSystem.java:287)
	at org.springframework.boot.logging.logback.LogbackLoggingSystem.loadConfiguration(LogbackLoggingSystem.java:265)
	at org.springframework.boot.logging.logback.LogbackLoggingSystem.reinitialize(LogbackLoggingSystem.java:344)
	at org.springframework.boot.logging.AbstractLoggingSystem.initializeWithConventions(AbstractLoggingSystem.java:74)
	at org.springframework.boot.logging.AbstractLoggingSystem.initialize(AbstractLoggingSystem.java:61)
	at org.springframework.boot.logging.logback.LogbackLoggingSystem.initialize(LogbackLoggingSystem.java:196)
	at org.springframework.boot.context.logging.LoggingApplicationListener.initializeSystem(LoggingApplicationListener.java:332)
	... 24 common frames omitted
	Suppressed: ch.qos.logback.core.util.IncompatibleClassException: null
		at ch.qos.logback.core.util.OptionHelper.instantiateByClassNameAndParameter(OptionHelper.java:58)
		at ch.qos.logback.core.util.OptionHelper.instantiateByClassName(OptionHelper.java:44)
		at ch.qos.logback.core.util.OptionHelper.instantiateByClassName(OptionHelper.java:33)
		at ch.qos.logback.core.model.processor.AppenderModelHandler.handle(AppenderModelHandler.java:67)
		at ch.qos.logback.core.model.processor.DefaultProcessor.secondPhaseTraverse(DefaultProcessor.java:241)
		at ch.qos.logback.core.model.processor.DefaultProcessor.secondPhaseTraverse(DefaultProcessor.java:253)
		at ch.qos.logback.core.model.processor.DefaultProcessor.traversalLoop(DefaultProcessor.java:90)
		at ch.qos.logback.core.model.processor.DefaultProcessor.process(DefaultProcessor.java:106)
		at ch.qos.logback.core.joran.GenericXMLConfigurator.processModel(GenericXMLConfigurator.java:222)
		at org.springframework.boot.logging.logback.SpringBootJoranConfigurator.processModel(SpringBootJoranConfigurator.java:133)
		at ch.qos.logback.core.joran.GenericXMLConfigurator.doConfigure(GenericXMLConfigurator.java:178)
		at ch.qos.logback.core.joran.GenericXMLConfigurator.doConfigure(GenericXMLConfigurator.java:123)
		at ch.qos.logback.core.joran.GenericXMLConfigurator.doConfigure(GenericXMLConfigurator.java:66)
		at org.springframework.boot.logging.logback.LogbackLoggingSystem.configureByResourceUrl(LogbackLoggingSystem.java:297)
		at org.springframework.boot.logging.logback.LogbackLoggingSystem.lambda$loadConfiguration$1(LogbackLoggingSystem.java:258)
		at org.springframework.boot.logging.logback.LogbackLoggingSystem.withLoggingSuppressed(LogbackLoggingSystem.java:477)
		at org.springframework.boot.logging.logback.LogbackLoggingSystem.loadConfiguration(LogbackLoggingSystem.java:252)
		... 29 common frames omitted
	Suppressed: ch.qos.logback.core.model.processor.ModelHandlerException: ch.qos.logback.core.util.IncompatibleClassException
		at ch.qos.logback.core.model.processor.AppenderModelHandler.handle(AppenderModelHandler.java:75)
		at ch.qos.logback.core.model.processor.DefaultProcessor.secondPhaseTraverse(DefaultProcessor.java:241)
		at ch.qos.logback.core.model.processor.DefaultProcessor.secondPhaseTraverse(DefaultProcessor.java:253)
		at ch.qos.logback.core.model.processor.DefaultProcessor.traversalLoop(DefaultProcessor.java:90)
		at ch.qos.logback.core.model.processor.DefaultProcessor.process(DefaultProcessor.java:106)
		at ch.qos.logback.core.joran.GenericXMLConfigurator.processModel(GenericXMLConfigurator.java:222)
		at org.springframework.boot.logging.logback.SpringBootJoranConfigurator.processModel(SpringBootJoranConfigurator.java:133)
		at ch.qos.logback.core.joran.GenericXMLConfigurator.doConfigure(GenericXMLConfigurator.java:178)
		at ch.qos.logback.core.joran.GenericXMLConfigurator.doConfigure(GenericXMLConfigurator.java:123)
		at ch.qos.logback.core.joran.GenericXMLConfigurator.doConfigure(GenericXMLConfigurator.java:66)
		at org.springframework.boot.logging.logback.LogbackLoggingSystem.configureByResourceUrl(LogbackLoggingSystem.java:297)
		at org.springframework.boot.logging.logback.LogbackLoggingSystem.lambda$loadConfiguration$1(LogbackLoggingSystem.java:258)
		at org.springframework.boot.logging.logback.LogbackLoggingSystem.withLoggingSuppressed(LogbackLoggingSystem.java:477)
		at org.springframework.boot.logging.logback.LogbackLoggingSystem.loadConfiguration(LogbackLoggingSystem.java:252)
		... 29 common frames omitted
	Caused by: [CIRCULAR REFERENCE: ch.qos.logback.core.util.IncompatibleClassException: null]
	Suppressed: ch.qos.logback.core.util.IncompatibleClassException: null
		at ch.qos.logback.core.util.OptionHelper.instantiateByClassNameAndParameter(OptionHelper.java:58)
		at ch.qos.logback.core.util.OptionHelper.instantiateByClassName(OptionHelper.java:44)
		at ch.qos.logback.core.util.OptionHelper.instantiateByClassName(OptionHelper.java:33)
		at ch.qos.logback.core.model.processor.AppenderModelHandler.handle(AppenderModelHandler.java:67)
		at ch.qos.logback.core.model.processor.DefaultProcessor.secondPhaseTraverse(DefaultProcessor.java:241)
		at ch.qos.logback.core.model.processor.DefaultProcessor.secondPhaseTraverse(DefaultProcessor.java:253)
		at ch.qos.logback.core.model.processor.DefaultProcessor.traversalLoop(DefaultProcessor.java:90)
		at ch.qos.logback.core.model.processor.DefaultProcessor.process(DefaultProcessor.java:106)
		at ch.qos.logback.core.joran.GenericXMLConfigurator.processModel(GenericXMLConfigurator.java:222)
		at org.springframework.boot.logging.logback.SpringBootJoranConfigurator.processModel(SpringBootJoranConfigurator.java:133)
		at ch.qos.logback.core.joran.GenericXMLConfigurator.doConfigure(GenericXMLConfigurator.java:178)
		at ch.qos.logback.core.joran.GenericXMLConfigurator.doConfigure(GenericXMLConfigurator.java:123)
		at ch.qos.logback.core.joran.GenericXMLConfigurator.doConfigure(GenericXMLConfigurator.java:66)
		at org.springframework.boot.logging.logback.LogbackLoggingSystem.configureByResourceUrl(LogbackLoggingSystem.java:297)
		at org.springframework.boot.logging.logback.LogbackLoggingSystem.lambda$loadConfiguration$1(LogbackLoggingSystem.java:258)
		at org.springframework.boot.logging.logback.LogbackLoggingSystem.withLoggingSuppressed(LogbackLoggingSystem.java:477)
		at org.springframework.boot.logging.logback.LogbackLoggingSystem.loadConfiguration(LogbackLoggingSystem.java:252)
		... 29 common frames omitted
	Suppressed: ch.qos.logback.core.model.processor.ModelHandlerException: ch.qos.logback.core.util.IncompatibleClassException
		at ch.qos.logback.core.model.processor.AppenderModelHandler.handle(AppenderModelHandler.java:75)
		at ch.qos.logback.core.model.processor.DefaultProcessor.secondPhaseTraverse(DefaultProcessor.java:241)
		at ch.qos.logback.core.model.processor.DefaultProcessor.secondPhaseTraverse(DefaultProcessor.java:253)
		at ch.qos.logback.core.model.processor.DefaultProcessor.traversalLoop(DefaultProcessor.java:90)
		at ch.qos.logback.core.model.processor.DefaultProcessor.process(DefaultProcessor.java:106)
		at ch.qos.logback.core.joran.GenericXMLConfigurator.processModel(GenericXMLConfigurator.java:222)
		at org.springframework.boot.logging.logback.SpringBootJoranConfigurator.processModel(SpringBootJoranConfigurator.java:133)
		at ch.qos.logback.core.joran.GenericXMLConfigurator.doConfigure(GenericXMLConfigurator.java:178)
		at ch.qos.logback.core.joran.GenericXMLConfigurator.doConfigure(GenericXMLConfigurator.java:123)
		at ch.qos.logback.core.joran.GenericXMLConfigurator.doConfigure(GenericXMLConfigurator.java:66)
		at org.springframework.boot.logging.logback.LogbackLoggingSystem.configureByResourceUrl(LogbackLoggingSystem.java:297)
		at org.springframework.boot.logging.logback.LogbackLoggingSystem.lambda$loadConfiguration$1(LogbackLoggingSystem.java:258)
		at org.springframework.boot.logging.logback.LogbackLoggingSystem.withLoggingSuppressed(LogbackLoggingSystem.java:477)
		at org.springframework.boot.logging.logback.LogbackLoggingSystem.loadConfiguration(LogbackLoggingSystem.java:252)
		... 29 common frames omitted
	Caused by: [CIRCULAR REFERENCE: ch.qos.logback.core.util.IncompatibleClassException: null]
2024-11-12 15:45:53 INFO  c.p.springjpa.SpringjpaApplication - Starting SpringjpaApplication using Java 17.0.13 with PID 16232 (D:\laxmi vs code\springjpa\target\classes started by Lenovo in D:\laxmi vs code\springjpa)
2024-11-12 15:45:53 INFO  c.p.springjpa.SpringjpaApplication - No active profile set, falling back to 1 default profile: "default"
2024-11-12 15:45:53 INFO  o.s.d.r.c.RepositoryConfigurationDelegate - Bootstrapping Spring Data JPA repositories in DEFAULT mode.
2024-11-12 15:45:53 INFO  o.s.d.r.c.RepositoryConfigurationDelegate - Finished Spring Data repository scanning in 22 ms. Found 4 JPA repository interfaces.
2024-11-12 15:45:53 INFO  o.s.b.w.e.tomcat.TomcatWebServer - Tomcat initialized with port 8080 (http)
2024-11-12 15:45:53 INFO  o.a.catalina.core.StandardService - Starting service [Tomcat]
2024-11-12 15:45:53 INFO  o.a.catalina.core.StandardEngine - Starting Servlet engine: [Apache Tomcat/10.1.31]
2024-11-12 15:45:53 INFO  o.a.c.c.C.[Tomcat].[localhost].[/] - Initializing Spring embedded WebApplicationContext
2024-11-12 15:45:53 INFO  o.s.b.w.s.c.ServletWebServerApplicationContext - Root WebApplicationContext: initialization completed in 466 ms
2024-11-12 15:45:53 INFO  com.zaxxer.hikari.HikariDataSource - HikariPool-4 - Starting...
2024-11-12 15:45:53 INFO  com.zaxxer.hikari.pool.HikariPool - HikariPool-4 - Added connection conn30: url=jdbc:h2:mem:testdb user=SA
2024-11-12 15:45:53 INFO  com.zaxxer.hikari.HikariDataSource - HikariPool-4 - Start completed.
2024-11-12 15:45:53 INFO  o.s.b.a.h.H2ConsoleAutoConfiguration - H2 console available at '/h2-console'. Database available at 'jdbc:h2:mem:testdb'
2024-11-12 15:45:53 INFO  o.h.jpa.internal.util.LogHelper - HHH000204: Processing PersistenceUnitInfo [name: default]
2024-11-12 15:45:53 INFO  o.h.c.i.RegionFactoryInitiator - HHH000026: Second-level cache disabled
2024-11-12 15:45:53 INFO  o.s.o.j.p.SpringPersistenceUnitInfo - No LoadTimeWeaver setup: ignoring JPA class transformer
2024-11-12 15:45:53 WARN  org.hibernate.orm.deprecation - HHH90000025: H2Dialect does not need to be specified explicitly using 'hibernate.dialect' (remove the property setting and it will be selected by default)
2024-11-12 15:45:54 INFO  o.h.e.t.j.p.i.JtaPlatformInitiator - HHH000489: No JTA platform available (set 'hibernate.transaction.jta.platform' to enable JTA platform integration)
2024-11-12 15:45:54 INFO  o.s.o.j.LocalContainerEntityManagerFactoryBean - Initialized JPA EntityManagerFactory for persistence unit 'default'
2024-11-12 15:45:54 WARN  o.s.b.a.o.j.JpaBaseConfiguration$JpaWebConfiguration - spring.jpa.open-in-view is enabled by default. Therefore, database queries may be performed during view rendering. Explicitly configure spring.jpa.open-in-view to disable this warning
2024-11-12 15:45:54 INFO  o.s.b.d.a.OptionalLiveReloadServer - LiveReload server is running on port 35729
2024-11-12 15:45:54 INFO  o.s.b.w.e.tomcat.TomcatWebServer - Tomcat started on port 8080 (http) with context path '/'
2024-11-12 15:45:54 INFO  c.p.springjpa.SpringjpaApplication - Started SpringjpaApplication in 0.934 seconds (process running for 812.683)
2024-11-12 15:45:54 INFO  o.s.b.d.a.ConditionEvaluationDeltaLoggingListener - Condition evaluation unchanged
2024-11-12 15:46:07 INFO  o.h.validator.internal.util.Version - HV000001: Hibernate Validator 8.0.1.Final
2024-11-12 15:46:07 INFO  c.p.springjpa.SpringjpaApplication - Starting SpringjpaApplication using Java 17.0.13 with PID 2196 (D:\laxmi vs code\springjpa\target\classes started by Lenovo in D:\laxmi vs code\springjpa)
2024-11-12 15:46:07 INFO  c.p.springjpa.SpringjpaApplication - No active profile set, falling back to 1 default profile: "default"
2024-11-12 15:46:07 INFO  o.s.b.d.e.DevToolsPropertyDefaultsPostProcessor - Devtools property defaults active! Set 'spring.devtools.add-properties' to 'false' to disable
2024-11-12 15:46:07 INFO  o.s.b.d.e.DevToolsPropertyDefaultsPostProcessor - For additional web related logging consider setting the 'logging.level.web' property to 'DEBUG'
2024-11-12 15:46:08 INFO  o.s.d.r.c.RepositoryConfigurationDelegate - Bootstrapping Spring Data JPA repositories in DEFAULT mode.
2024-11-12 15:46:08 INFO  o.s.d.r.c.RepositoryConfigurationDelegate - Finished Spring Data repository scanning in 84 ms. Found 4 JPA repository interfaces.
2024-11-12 15:46:09 INFO  o.s.b.w.e.tomcat.TomcatWebServer - Tomcat initialized with port 8080 (http)
2024-11-12 15:46:09 INFO  o.a.coyote.http11.Http11NioProtocol - Initializing ProtocolHandler ["http-nio-8080"]
2024-11-12 15:46:09 INFO  o.a.catalina.core.StandardService - Starting service [Tomcat]
2024-11-12 15:46:09 INFO  o.a.catalina.core.StandardEngine - Starting Servlet engine: [Apache Tomcat/10.1.31]
2024-11-12 15:46:09 INFO  o.a.c.c.C.[Tomcat].[localhost].[/] - Initializing Spring embedded WebApplicationContext
2024-11-12 15:46:09 INFO  o.s.b.w.s.c.ServletWebServerApplicationContext - Root WebApplicationContext: initialization completed in 1803 ms
2024-11-12 15:46:09 INFO  com.zaxxer.hikari.HikariDataSource - HikariPool-1 - Starting...
2024-11-12 15:46:09 INFO  com.zaxxer.hikari.pool.HikariPool - HikariPool-1 - Added connection conn0: url=jdbc:h2:mem:testdb user=SA
2024-11-12 15:46:09 INFO  com.zaxxer.hikari.HikariDataSource - HikariPool-1 - Start completed.
2024-11-12 15:46:09 INFO  o.s.b.a.h.H2ConsoleAutoConfiguration - H2 console available at '/h2-console'. Database available at 'jdbc:h2:mem:testdb'
2024-11-12 15:46:09 INFO  o.h.jpa.internal.util.LogHelper - HHH000204: Processing PersistenceUnitInfo [name: default]
2024-11-12 15:46:09 INFO  org.hibernate.Version - HHH000412: Hibernate ORM core version 6.5.3.Final
2024-11-12 15:46:09 INFO  o.h.c.i.RegionFactoryInitiator - HHH000026: Second-level cache disabled
2024-11-12 15:46:10 INFO  o.s.o.j.p.SpringPersistenceUnitInfo - No LoadTimeWeaver setup: ignoring JPA class transformer
2024-11-12 15:46:10 WARN  org.hibernate.orm.deprecation - HHH90000025: H2Dialect does not need to be specified explicitly using 'hibernate.dialect' (remove the property setting and it will be selected by default)
2024-11-12 15:46:11 INFO  o.h.e.t.j.p.i.JtaPlatformInitiator - HHH000489: No JTA platform available (set 'hibernate.transaction.jta.platform' to enable JTA platform integration)
2024-11-12 15:46:11 INFO  o.s.o.j.LocalContainerEntityManagerFactoryBean - Initialized JPA EntityManagerFactory for persistence unit 'default'
2024-11-12 15:46:11 INFO  o.s.d.j.r.query.QueryEnhancerFactory - Hibernate is in classpath; If applicable, HQL parser will be used.
2024-11-12 15:46:12 WARN  o.s.b.a.o.j.JpaBaseConfiguration$JpaWebConfiguration - spring.jpa.open-in-view is enabled by default. Therefore, database queries may be performed during view rendering. Explicitly configure spring.jpa.open-in-view to disable this warning
2024-11-12 15:46:12 INFO  o.s.b.d.a.OptionalLiveReloadServer - LiveReload server is running on port 35729
2024-11-12 15:46:12 INFO  o.a.coyote.http11.Http11NioProtocol - Starting ProtocolHandler ["http-nio-8080"]
2024-11-12 15:46:12 INFO  o.s.b.w.e.tomcat.TomcatWebServer - Tomcat started on port 8080 (http) with context path '/'
2024-11-12 15:46:12 INFO  c.p.springjpa.SpringjpaApplication - Started SpringjpaApplication in 5.589 seconds (process running for 6.412)
2024-11-12 15:46:19 INFO  o.a.c.c.C.[Tomcat].[localhost].[/] - Initializing Spring DispatcherServlet 'dispatcherServlet'
2024-11-12 15:46:19 INFO  o.s.web.servlet.DispatcherServlet - Initializing Servlet 'dispatcherServlet'
2024-11-12 15:46:19 INFO  o.s.web.servlet.DispatcherServlet - Completed initialization in 0 ms
2024-11-12 15:46:19 INFO  c.p.s.Controller.StudentController - under find by student id method
2024-11-12 15:46:19 WARN  o.s.w.s.m.m.a.ExceptionHandlerExceptionResolver - Resolved [com.pratice.springjpa.Exceptionhadling.StudentNotFoundException: student is not found]
2024-11-12 15:47:55 INFO  o.h.validator.internal.util.Version - HV000001: Hibernate Validator 8.0.1.Final
2024-11-12 15:47:55 INFO  c.p.springjpa.SpringjpaApplication - Starting SpringjpaApplication using Java 17.0.13 with PID 4640 (D:\laxmi vs code\springjpa\target\classes started by Lenovo in D:\laxmi vs code\springjpa)
2024-11-12 15:47:55 INFO  c.p.springjpa.SpringjpaApplication - No active profile set, falling back to 1 default profile: "default"
2024-11-12 15:47:55 INFO  o.s.b.d.e.DevToolsPropertyDefaultsPostProcessor - Devtools property defaults active! Set 'spring.devtools.add-properties' to 'false' to disable
2024-11-12 15:47:55 INFO  o.s.b.d.e.DevToolsPropertyDefaultsPostProcessor - For additional web related logging consider setting the 'logging.level.web' property to 'DEBUG'
2024-11-12 15:47:57 INFO  o.s.d.r.c.RepositoryConfigurationDelegate - Bootstrapping Spring Data JPA repositories in DEFAULT mode.
2024-11-12 15:47:57 INFO  o.s.d.r.c.RepositoryConfigurationDelegate - Finished Spring Data repository scanning in 93 ms. Found 4 JPA repository interfaces.
2024-11-12 15:47:58 INFO  o.s.b.w.e.tomcat.TomcatWebServer - Tomcat initialized with port 8080 (http)
2024-11-12 15:47:58 INFO  o.a.coyote.http11.Http11NioProtocol - Initializing ProtocolHandler ["http-nio-8080"]
2024-11-12 15:47:58 INFO  o.a.catalina.core.StandardService - Starting service [Tomcat]
2024-11-12 15:47:58 INFO  o.a.catalina.core.StandardEngine - Starting Servlet engine: [Apache Tomcat/10.1.31]
2024-11-12 15:47:58 INFO  o.a.c.c.C.[Tomcat].[localhost].[/] - Initializing Spring embedded WebApplicationContext
2024-11-12 15:47:58 INFO  o.s.b.w.s.c.ServletWebServerApplicationContext - Root WebApplicationContext: initialization completed in 2653 ms
2024-11-12 15:47:58 INFO  com.zaxxer.hikari.HikariDataSource - HikariPool-1 - Starting...
2024-11-12 15:47:58 INFO  com.zaxxer.hikari.pool.HikariPool - HikariPool-1 - Added connection conn0: url=jdbc:h2:mem:testdb user=SA
2024-11-12 15:47:58 INFO  com.zaxxer.hikari.HikariDataSource - HikariPool-1 - Start completed.
2024-11-12 15:47:58 INFO  o.s.b.a.h.H2ConsoleAutoConfiguration - H2 console available at '/h2-console'. Database available at 'jdbc:h2:mem:testdb'
2024-11-12 15:47:59 INFO  o.h.jpa.internal.util.LogHelper - HHH000204: Processing PersistenceUnitInfo [name: default]
2024-11-12 15:47:59 INFO  org.hibernate.Version - HHH000412: Hibernate ORM core version 6.5.3.Final
2024-11-12 15:47:59 INFO  o.h.c.i.RegionFactoryInitiator - HHH000026: Second-level cache disabled
2024-11-12 15:47:59 INFO  o.s.o.j.p.SpringPersistenceUnitInfo - No LoadTimeWeaver setup: ignoring JPA class transformer
2024-11-12 15:47:59 WARN  org.hibernate.orm.deprecation - HHH90000025: H2Dialect does not need to be specified explicitly using 'hibernate.dialect' (remove the property setting and it will be selected by default)
2024-11-12 15:48:01 INFO  o.h.e.t.j.p.i.JtaPlatformInitiator - HHH000489: No JTA platform available (set 'hibernate.transaction.jta.platform' to enable JTA platform integration)
2024-11-12 15:48:01 INFO  o.s.o.j.LocalContainerEntityManagerFactoryBean - Initialized JPA EntityManagerFactory for persistence unit 'default'
2024-11-12 15:48:01 INFO  o.s.d.j.r.query.QueryEnhancerFactory - Hibernate is in classpath; If applicable, HQL parser will be used.
2024-11-12 15:48:02 WARN  o.s.b.a.o.j.JpaBaseConfiguration$JpaWebConfiguration - spring.jpa.open-in-view is enabled by default. Therefore, database queries may be performed during view rendering. Explicitly configure spring.jpa.open-in-view to disable this warning
2024-11-12 15:48:02 INFO  o.s.b.d.a.OptionalLiveReloadServer - LiveReload server is running on port 35729
2024-11-12 15:48:02 INFO  o.a.coyote.http11.Http11NioProtocol - Starting ProtocolHandler ["http-nio-8080"]
2024-11-12 15:48:03 INFO  o.s.b.w.e.tomcat.TomcatWebServer - Tomcat started on port 8080 (http) with context path '/'
2024-11-12 15:48:03 INFO  c.p.springjpa.SpringjpaApplication - Started SpringjpaApplication in 7.548 seconds (process running for 8.261)
2024-11-12 15:48:34 INFO  o.s.b.d.a.LocalDevToolsAutoConfiguration$RestartingClassPathChangeChangedEventListener - Restarting due to 1 class path change (0 additions, 0 deletions, 1 modification)
2024-11-12 15:48:34 INFO  o.a.coyote.http11.Http11NioProtocol - Stopping ProtocolHandler ["http-nio-8080"]
2024-11-12 15:48:35 INFO  o.s.o.j.LocalContainerEntityManagerFactoryBean - Closing JPA EntityManagerFactory for persistence unit 'default'
2024-11-12 15:48:35 WARN  o.s.b.f.s.DisposableBeanAdapter - Invocation of destroy method failed on bean with name 'inMemoryDatabaseShutdownExecutor': org.h2.jdbc.JdbcSQLNonTransientConnectionException: Database is already closed (to disable automatic closing at VM shutdown, add ";DB_CLOSE_ON_EXIT=FALSE" to the db URL) [90121-224]
2024-11-12 15:48:35 INFO  com.zaxxer.hikari.HikariDataSource - HikariPool-1 - Shutdown initiated...
2024-11-12 15:48:35 INFO  com.zaxxer.hikari.HikariDataSource - HikariPool-1 - Shutdown completed.
